split,candidate,subset,n_tokens,n_questions,tv_null_mean,tv_text_mean,d_mean,d_median,d_p90,d_qmean,corr
fit,final_0,all,29395,200,0.9971057749520477,0.9830124310438688,0.3412944551213641,0.17804226279258728,0.9761174201965332,0.3594774396809701,-0.055959927605340284
fit,final_0,answer,189,189,0.999950265758252,0.9927063275266577,0.11332092370455371,1.3727392797591165e-05,0.42181737422943455,0.11332092370455371,0.17293959621586666
fit,final_0,eos,194,194,0.9999626503162777,0.9997933755830392,0.061676400268155344,0.0012008135672658682,0.26617191731929823,0.061676400268155344,0.4898115654264151
fit,final_0,other,29012,200,0.9970681407805658,0.9828370674124113,0.34464937377844734,0.18476220965385437,0.9769475996494293,0.3620052608238826,-0.057000968748292045
fit,final_0,active,7349,198,0.9912769181020472,0.9610168919000703,0.6464663706540771,0.7926081418991089,0.9991325259208679,0.6150198401054091,-0.01818198256300742
fit,final_1,all,29395,200,0.9971261338780862,0.9830424040330192,0.34113165576125004,0.17662717401981354,0.9764813184738159,0.35911506246219815,-0.057823580367467785
fit,final_1,answer,189,189,0.9999621668189922,0.9927513410174658,0.11542372919458271,1.3727392797591165e-05,0.5818647265434267,0.11542372919458271,0.1594450491737223
fit,final_1,eos,194,194,0.999970989128978,0.9998124155801597,0.060824915030810556,0.0012007990153506398,0.2662353172898297,0.060824915030810556,0.43672579871292566
fit,final_1,other,29012,200,0.9970886351829082,0.9828670155272214,0.3444764201974421,0.18295231461524963,0.9772917926311493,0.3607040993643969,-0.058758598280093124
fit,final_1,active,7349,198,0.9913158998519875,0.9610651180192226,0.6458863851730129,0.792626142501831,0.9991323471069335,0.6150305372514165,-0.020330604843464144
fit,final_2,all,29395,200,0.997123852255576,0.9830392173374597,0.3411698541048251,0.1764826625585556,0.9762864232063294,0.3591699570452896,-0.057685448306627016
fit,final_2,answer,189,189,0.9999616133472907,0.9927505912288787,0.11515096606782135,1.3727392797591165e-05,0.581802821159363,0.11515096606782135,0.16467857087443433
fit,final_2,eos,194,194,0.9999706259707815,0.9998111270137668,0.0607784385104672,0.0012007984332740307,0.2662352651357655,0.0607784385104672,0.4304111096198163
fit,final_2,other,29012,200,0.9970863294737242,0.9828638002637425,0.3445172105250753,0.18319593369960785,0.9771010518074036,0.36088856084663457,-0.05862754646131949
fit,final_2,active,7349,198,0.9913121763652791,0.9610605491728254,0.6461305178700855,0.7921514511108398,0.9991182446479797,0.6152016278153066,-0.02013795702554138
fit,final_3,all,29395,200,0.9971217859980606,0.9830366421331354,0.3411776159225025,0.1766761839389801,0.9764804363250732,0.35935046370526735,-0.05763639258298616
fit,final_3,answer,189,189,0.9999608050578486,0.9927477180642426,0.11544579156360875,1.3727392797591165e-05,0.5818546772003176,0.11544579156360875,0.1640741887619806
fit,final_3,eos,194,194,0.9999708413463277,0.9998122499775641,0.060728608174385204,0.001200797618366778,0.2662352517247204,0.060728608174385204,0.428410108544958
fit,final_3,other,29012,200,0.9970842397640931,0.9828612022712576,0.3445234873655938,0.18339312076568604,0.9771580100059509,0.3610387819231699,-0.05857794495690104
fit,final_3,active,7349,198,0.9913084054539878,0.9610563580777838,0.6462165864736119,0.7909222841262817,0.9991052985191345,0.6157528744623614,-0.020078074397934825
fit,final_4,all,29395,200,0.9971178957187798,0.9830311815795477,0.3414240484348201,0.1768464297056198,0.9763768196105957,0.3596232565492866,-0.05762536229736511
fit,final_4,answer,189,189,0.9999580052163866,0.992739082328857,0.11412277488044671,1.3727392797591165e-05,0.5816693305969239,0.11412277488044671,0.16487669403719685
fit,final_4,eos,194,194,0.9999709255302075,0.9998121614923182,0.061004872683284216,0.0012008025078102946,0.2662353873252873,0.061004872683284216,0.43527479066831226
fit,final_4,other,29012,200,0.9970803158043147,0.9828557264801165,0.34477994464320183,0.1833777278661728,0.9770224094390869,0.361730489636263,-0.058586467108488166
fit,final_4,active,7349,198,0.9913019401211773,0.9610484403358226,0.6465371707472469,0.7937814593315125,0.9991044282913208,0.6155082133345849,-0.020159951902077287
fit,final_5,all,29395,200,0.9971172791797503,0.98303076573543,0.34138152414696427,0.17718316614627838,0.9763396263122559,0.35972594444474437,-0.05758810205666954
fit,final_5,answer,189,189,0.9999604414379786,0.9927454341656317,0.116466790665373,1.3727392797591165e-05,0.5821030020713808,0.116466790665373,0.14666168958459336
fit,final_5,eos,194,194,0.9999720967307533,0.999815765422644,0.06089887314238957,0.0012007978511974216,0.26623529195785567,0.06089887314238957,0.4219639420313999
fit,final_5,other,29012,200,0.9970796674235219,0.9828552396678502,0.3447222975828841,0.18342022597789764,0.9770262122154236,0.36134615522269103,-0.05851097155441629
fit,final_5,active,7349,198,0.9913018720379361,0.9610488520371746,0.6465262455218704,0.7941086292266846,0.999112069606781,0.616565429827803,-0.020263067895212008
fit,final_6,all,29395,200,0.9971138066672857,0.9830261080831201,0.3413754214085433,0.17632845044136047,0.9765950798988343,0.3601970208658934,-0.057366781738473954
fit,final_6,answer,189,189,0.9999594316280708,0.9927386844915057,0.11717814327719593,1.3727392797591165e-05,0.5821974396705629,0.11717814327719593,0.13398830538692272
fit,final_6,eos,194,194,0.9999697991867655,0.9998114996964169,0.06105117344707688,0.0012008020421490073,0.2662354648113255,0.06105117344707688,0.4280682248492971
fit,final_6,other,29012,200,0.997076171010786,0.982850593023346,0.3447104617253553,0.18325093388557434,0.9771044611930847,0.36190365957118714,-0.05829314463122413
fit,final_6,active,7349,198,0.9912959551749172,0.9610418900969093,0.6469456498641928,0.7949700355529785,0.9990907549858093,0.6181981697861657,-0.020129501908307847
fit,final_7,all,29395,200,0.9971121327206682,0.9830247053047384,0.34168241587681303,0.1765657216310501,0.9761502265930178,0.3605876910489769,-0.056910586512456104
fit,final_7,answer,189,189,0.9999584729078586,0.9927351451109326,0.11658994490183994,1.3727392797591165e-05,0.5820972681045534,0.11658994490183994,0.1226236324595106
fit,final_7,eos,194,194,0.9999705030746067,0.999813135137263,0.06094763546665368,0.0012008016929030418,0.26623530089855235,0.06094763546665368,0.40356128107802736
fit,final_7,other,29012,200,0.9970744765044803,0.9828491838477248,0.3450260331529002,0.1831025928258896,0.9767940223217011,0.36271988319970416,-0.0577998065957198
fit,final_7,active,7349,198,0.9912934255725284,0.9610397214885329,0.6473850827631911,0.796142578125,0.9990659475326538,0.6185065317064052,-0.019426801537645186
fit,final_8,all,29395,200,0.9971098987963212,0.9830220978948916,0.34173490265204526,0.17661428451538086,0.9765743732452392,0.3601791394602476,-0.05751767469704116
fit,final_8,answer,189,189,0.9999547307453458,0.9927251297960836,0.1162264150751087,1.3727392797591165e-05,0.5821160316467286,0.1162264150751087,0.1215623247673349
fit,final_8,eos,194,194,0.9999707239804808,0.9998147589029726,0.06078618261438013,0.001200796221382916,0.2662350431084637,0.06078618261438013,0.4102655011408621
fit,final_8,other,29012,200,0.9970722359904446,0.9828465964036158,0.3450826606776673,0.18363581597805023,0.9771036028862,0.36206346050367394,-0.05839647826777244
fit,final_8,active,7349,198,0.9912889816707406,0.961035171659289,0.6472141357123816,0.797102689743042,0.9990907192230225,0.6172050929926802,-0.020412326464765377
fit,final_9,all,29395,200,0.9971072083367927,0.9830187101970205,0.34175704660208484,0.17774394154548645,0.9762223005294801,0.36030284000587104,-0.05632530124224309
fit,final_9,answer,189,189,0.999952791859864,0.9927228932027463,0.1173993930151797,1.3727392797591165e-05,0.5821331024169923,0.1173993930151797,0.1491163164669775
fit,final_9,eos,194,194,0.999971856775972,0.9998170118970969,0.06075889379066839,0.0012007992481812835,0.266235122084618,0.06075889379066839,0.39279419869260596
fit,final_9,other,29012,200,0.9970695150690737,0.9828431634881449,0.3450976380185104,0.18441958725452423,0.9769928336143494,0.36189456553164867,-0.05722287064925632
fit,final_9,active,7349,198,0.9912841384658879,0.9610293753808097,0.6468506083320454,0.7968297600746155,0.999063777923584,0.6179441941044296,-0.01872602437184243
fit,final_10,all,29395,200,0.9971085547356606,0.9830206028580872,0.3419181555705361,0.17700952291488647,0.9761945009231568,0.3604106649347139,-0.05609435510359801
fit,final_10,answer,189,189,0.9999553428755866,0.9927302097517346,0.11609519033290511,1.3727392797591165e-05,0.5822039246559145,0.11609519033290511,0.13906232471082444
fit,final_10,eos,194,194,0.9999704984660002,0.9998141453438198,0.06112513011111539,0.0012008087942376733,0.2662353426218037,0.06112513011111539,0.41657278605179227
fit,final_10,other,29012,200,0.9970708717064958,0.98284505263938,0.34526692116301644,0.18406198918819427,0.9768835186958313,0.36235219087973164,-0.057022268392902024
fit,final_10,active,7349,198,0.9912869668447707,0.9610329309445707,0.6470694819204439,0.7969367504119873,0.9991002798080444,0.6183903055304051,-0.018569802221969422
fit,final_11,all,29395,200,0.9971052442152173,0.9830159775742109,0.3418611874955747,0.1771218627691269,0.9760754942893982,0.36016975723668154,-0.055787421517686724
fit,final_11,answer,189,189,0.9999530003184364,0.9927211498457288,0.11435629778996766,1.3727392797591165e-05,0.5348114728927622,0.11435629778996766,0.18530689055086555
fit,final_11,eos,194,194,0.9999698849068475,0.9998137164361698,0.061103465282056596,0.0011586776236072183,0.26623509824276015,0.061103465282056596,0.42128009202280225
fit,final_11,other,29012,200,0.9970675368459327,0.9828404281843537,0.3452206739930165,0.1838081181049347,0.9768046855926514,0.36238729735191977,-0.056786729838411376
fit,final_11,active,7349,198,0.991281725171229,0.9610262249597304,0.6465217142801988,0.7946471571922302,0.9990579962730408,0.6172307689096466,-0.018234688968740427
fit,final_12,all,29395,200,0.9971047301396035,0.983015206561072,0.3422931433966758,0.17753756046295166,0.9764113068580629,0.36077596316761573,-0.05674848638341647
fit,final_12,answer,189,189,0.9999539293940105,0.9927236428336491,0.11592227316308698,1.3727392797591165e-05,0.5821430444717409,0.11592227316308698,0.19012037168200452
fit,final_12,eos,194,194,0.9999686282934602,0.9998103598343957,0.061207209458627364,0.0011586776236072183,0.26623546183109326,0.061207209458627364,0.43246884169461147
fit,final_12,other,29012,200,0.9970670183341117,0.9828396531972728,0.34564743698753925,0.18442197144031525,0.977074295282364,0.36278197093480236,-0.05778413805755361
fit,final_12,active,7349,198,0.9912807327445664,0.9610252618277185,0.647807587847592,0.7975944876670837,0.9990961074829101,0.6179702802133983,-0.019738056808126847
fit,final_13,all,29395,200,0.9971011832333642,0.9830103999422162,0.3424898769874334,0.1771218627691269,0.9763686060905457,0.36141534421642774,-0.056581336217866526
fit,final_13,answer,189,189,0.9999556273379654,0.9927294665858859,0.11661844519584726,1.3727392797591165e-05,0.582246005535126,0.11661844519584726,0.16209518021441185
fit,final_13,eos,194,194,0.9999662689941445,0.9998060212921851,0.06117216769120177,0.0011586776236072183,0.26623537689447446,0.06117216769120177,0.4390457631093574
fit,final_13,other,29012,200,0.9970634293186612,0.9828347741964025,0.3458424668196435,0.18401864171028137,0.9770750641822815,0.3635469448941406,-0.057581566345020034
fit,final_13,active,7349,198,0.9912747570605874,0.9610182470199117,0.648342634719711,0.7983693480491638,0.9991162061691284,0.620116064669954,-0.01960142277596042
fit,final_14,all,29395,200,0.9970996155769651,0.9830085855662624,0.3426971985895362,0.1778193712234497,0.9762382626533509,0.36175391830086157,-0.05553317740348981
fit,final_14,answer,189,189,0.9999575870377677,0.9927368829490015,0.11738831818662412,1.3727392797591165e-05,0.5889883637428284,0.11738831818662412,0.14252231911362934
fit,final_14,eos,194,194,0.9999664800683248,0.9998051244573495,0.06137568805298336,0.0012008134508505464,0.2662356421351437,0.06137568805298336,0.4452874660555189
fit,final_14,other,29012,200,0.9970618267889666,0.9828328935508822,0.3460461490734821,0.1844748854637146,0.9770223140716553,0.3639219147390598,-0.05653984180059524
fit,final_14,active,7349,198,0.9912731905488972,0.9610162712511952,0.6485823927427896,0.7998086214065552,0.9990926265716553,0.6210843780424472,-0.01820665851688602
fit,final_15,all,29395,200,0.9970954645722268,0.9830033025581849,0.34313304877181666,0.1781783103942871,0.9762587666511535,0.3621610442889467,-0.05618469784310151
fit,final_15,answer,189,189,0.999954863200112,0.992730562018339,0.11628320280140311,1.3727392797591165e-05,0.5822301506996157,0.11628320280140311,0.1331891245592219
fit,final_15,eos,194,194,0.9999649896449649,0.9998015134604936,0.0608233665628144,0.001200728234834969,0.2662349641323094,0.0608233665628144,0.40889646290779524
fit,final_15,other,29012,200,0.9970576486958729,0.9828276061238469,0.3464986457398627,0.18481388688087463,0.9769945800304414,0.36469537722719314,-0.05706367700231814
fit,final_15,active,7349,198,0.9912660170500093,0.961008173678816,0.6499453793800175,0.8012751936912537,0.9990405917167664,0.6224534524067068,-0.019308330873441467
fit,final_16,all,29395,200,0.997093451248685,0.9830029537981638,0.34392861479765796,0.17797765135765076,0.9762936353683472,0.3635088586580539,-0.055505315282835206
fit,final_16,answer,189,189,0.9999568314148636,0.9927378514456371,0.1173639497640427,1.3727392797591165e-05,0.5822590112686159,0.1173639497640427,0.13352695734415074
fit,final_16,eos,194,194,0.9999656228675056,0.9998064563446438,0.05986085192326173,0.0012006849283352494,0.25076584517955786,0.05986085192326173,0.3961645880125062
fit,final_16,other,29012,200,0.9970555917372601,0.9828271722198725,0.34730411003028533,0.18495267629623413,0.9770358145236969,0.36647042604420343,-0.056331973440068885
fit,final_16,active,7349,198,0.9912651406908006,0.9610098311076886,0.6511545924903721,0.8009690046310425,0.9990608096122742,0.6245384493893184,-0.0185767440114527
fit,final_17,all,29395,200,0.9970878537431889,0.9829964281842065,0.34437338938982875,0.1786344051361084,0.9763440608978272,0.3618706193942661,-0.05473332293525238
fit,final_17,answer,189,189,0.9999571609749365,0.9927384544301916,0.11796747480444537,1.3727392797591165e-05,0.5822388887405398,0.11796747480444537,0.13615196359217113
fit,final_17,eos,194,194,0.9999621255496114,0.9997991974820796,0.061045795142919496,0.0012007910991087556,0.2662350744009022,0.061045795142919496,0.39648435288687217
fit,final_17,other,29012,200,0.9970499415759048,0.9828206050694858,0.347742901010556,0.18546707928180695,0.9770220160484314,0.3628809402120657,-0.05562099249356368
fit,final_17,active,7349,198,0.9912561720815268,0.961000112739134,0.6513726461568222,0.8030294179916382,0.9990517377853394,0.6217474958666731,-0.017912513004845136
fit,final_18,all,29395,200,0.9970783538537217,0.9829860500094804,0.34600178183113683,0.17950433492660522,0.9766959905624389,0.3630629417091413,-0.05256757648724085
fit,final_18,answer,189,189,0.9999519047282991,0.9927188930688081,0.12038721952739458,1.3727392797591165e-05,0.6137386798858662,0.12038721952739458,0.11774676337523157
fit,final_18,eos,194,194,0.9999568299534395,0.9997913831288052,0.062130109355379805,0.001200812985189259,0.26623582988977473,0.062130109355379805,0.44011275655046456
fit,final_18,other,29012,200,0.9970403859273933,0.9828102695750615,0.34936977634153604,0.1867750883102417,0.9772915959358216,0.3640706993884477,-0.05353127343688559
fit,final_18,active,7349,198,0.9912440650624342,0.9609882786715648,0.6532714436991343,0.8047362565994263,0.9990358471870422,0.6232028579298493,-0.01507737975670803
fit,final_19,all,29395,200,0.9970284457767592,0.9829262670157537,0.3503822259279269,0.18537026643753052,0.9771547317504883,0.36683719348775073,-0.0480966820852898
fit,final_19,answer,189,189,0.9999409986551476,0.9926881124733618,0.12010888357669505,1.3727392797591165e-05,0.6137941360473652,0.12010888357669505,0.1261373849398178
fit,final_19,eos,194,194,0.9999521583625951,0.9997811271357782,0.05876775285672892,0.0012002045987173915,0.24804478734731678,0.05876775285672892,0.346385841732482
fit,final_19,other,29012,200,0.9969899212787698,0.9827499664623699,0.35383234551569037,0.19448789954185486,0.9777946770191193,0.3687796860113505,-0.04882802109824721
fit,final_19,active,7349,198,0.991174655095714,0.9609123621966524,0.6612409746548655,0.8156081438064575,0.9990086317062378,0.6323407166931855,-0.010871038405506237
fit,final_20,all,29395,200,0.996953109841015,0.9828434855402001,0.3567892287467409,0.1904449760913849,0.9776074171066285,0.3752210866329757,-0.04573890138405902
fit,final_20,answer,189,189,0.9998716718305356,0.9925470456244454,0.12188610321604944,1.3727392797591165e-05,0.7167068004608164,0.12188610321604944,0.1994961298297443
fit,final_20,eos,194,194,0.9999449034941565,0.9997821078472531,0.0595196023334431,0.0012003426672890782,0.26623447090387387,0.0595196023334431,0.3502230439644051
fit,final_20,other,29012,200,0.996914090945912,0.9826670045811662,0.36030732464669546,0.19930651783943176,0.9784360408782959,0.38062919233751485,-0.04650993377546175
fit,final_20,active,7349,198,0.9910695970693094,0.9608076677932283,0.6657822588481453,0.8237482309341431,0.9991030216217041,0.6464922660489294,-0.011442165015952627
fit,final_21,all,29395,200,0.9967616151318114,0.9826319959897977,0.3654729711535815,0.20266759395599365,0.9796818614006043,0.38106840400675374,-0.045261566813481285
fit,final_21,answer,189,189,0.9996814141197811,0.9923025591978951,0.1263295302606274,1.3727392797591165e-05,0.7154040694236764,0.1263295302606274,0.08686900185337725
fit,final_21,eos,194,194,0.9999148470839274,0.9997541581847004,0.06013397968404112,0.001200445694848895,0.2662277117371563,0.06013397968404112,0.24137208116471828
fit,final_21,other,29012,200,0.9967215086583715,0.9824545026797142,0.36907264972361664,0.2104630023241043,0.9802609384059906,0.38377572935572724,-0.04578414730422198
fit,final_21,active,7349,198,0.9908588232708506,0.9605898315011938,0.6738981431977863,0.8376802206039429,0.9992221832275391,0.6519215217160446,-0.015238197379631046
fit,final_22,all,29395,200,0.9962975079948084,0.98214103498835,0.37395677476992184,0.21212589740753174,0.9807585477828981,0.3899199625945451,-0.0410062309473684
fit,final_22,answer,189,189,0.9984368694522393,0.9907862537752383,0.12901672464033426,1.3727392797591165e-05,0.7060354828834534,0.12901672464033426,0.134133025946449
fit,final_22,eos,194,194,0.999874624394879,0.9997147518334929,0.062010345308612366,0.0012004507007077336,0.2662135496735577,0.062010345308612366,0.17695490278181855
fit,final_22,other,29012,200,0.9962596512494248,0.9819672018359069,0.3776383988147994,0.2220553159713745,0.9815372705459595,0.39392696965222285,-0.04149005872586746
fit,final_22,active,7349,198,0.9904299567128253,0.960186298224015,0.6829045854344163,0.8526350259780884,0.9993176102638245,0.6649350095663563,-0.01232016596619366
fit,final_23,all,29395,200,0.9871262091986149,0.9729181094031547,0.3999884555235187,0.2590745985507965,0.9869449377059937,0.4064794273803315,-0.027304402626743298
fit,final_23,answer,189,189,0.9964151789271642,0.9886797464713848,0.11905299470165484,1.3727392797591165e-05,0.6139573574066182,0.11905299470165484,0.21681312192530183
fit,final_23,eos,194,194,0.9997809317308602,0.9996294689547155,0.06293815159132858,0.0011972590582445264,0.2630900934338573,0.06293815159132858,0.09234980709904556
fit,final_23,other,29012,200,0.9869810750661887,0.9726368136235153,0.40407244011810634,0.27011317014694214,0.9874289095401764,0.4143541167970147,-0.02767963517650022
fit,final_23,active,7349,198,0.9854344439072209,0.9554077100321997,0.6981473446052806,0.8712006211280823,0.9993400931358337,0.6737820241090668,-0.0014039293134900917
fit,final_24,all,29395,200,0.9787356381495769,0.9648141342891514,0.41633268904916676,0.29511916637420654,0.9898301601409912,0.4216177651636259,-0.03387305797458743
fit,final_24,answer,189,189,0.9648928036765446,0.9572077846085584,0.12058316679042375,1.3727392797591165e-05,0.6764907836914069,0.12058316679042375,0.2403011205114956
fit,final_24,eos,194,194,0.9995413106126884,0.9994887602083462,0.061258106380528636,0.0011962996795773506,0.24625719338655472,0.061258106380528636,0.021006730965642817
fit,final_24,other,29012,200,0.9786866927220834,0.964631820855445,0.42063370686057644,0.30846846103668213,0.9902645647525787,0.430529906594587,-0.03416600525197013
fit,final_24,active,7349,198,0.979513353697174,0.9504589596080191,0.7148591938539105,0.8906914591789246,0.999543023109436,0.6923862293974572,-0.017875074552979108
fit,final_25,all,29395,200,0.9624033350979224,0.9496529959617969,0.4387512419180038,0.35336315631866455,0.9929906129837036,0.4394164598436201,-0.02705665893791181
fit,final_25,answer,189,189,0.9719128630779408,0.9644625894922428,0.12430981007643689,1.3727392797591165e-05,0.7311385035514847,0.12430981007643689,0.16374109695726563
fit,final_25,eos,194,194,0.9994318540563288,0.9994188691537405,0.06261949168303554,0.0012007283512502909,0.2662354677915577,0.06261949168303554,0.21042932365917583
fit,final_25,other,29012,200,0.9620937792773602,0.9492237393584434,0.44331483595370075,0.36992859840393066,0.9932179391384125,0.44820608245627996,-0.027550193341122287
fit,final_25,active,7349,198,0.9678797914641116,0.9412810623099332,0.7300865740002414,0.9102551341056824,0.9996692895889282,0.711159071329873,-0.013143998270430597
fit,final_26,all,29395,200,0.9389347512186228,0.9280068742296345,0.46074924693025254,0.41285133361816406,0.9953984618186951,0.4589560379355773,-0.023680389184717654
fit,final_26,answer,189,189,0.9719535922878003,0.9647704138957635,0.12305763782254832,1.3727392797591165e-05,0.7149685025215157,0.12305763782254832,0.05701810746479306
fit,final_26,eos,194,194,0.9991167098591008,0.9992517168374405,0.06263380338991643,0.0012007980840280652,0.2662336125969891,0.06263380338991643,0.18963959320890578
fit,final_26,other,29012,200,0.9383172184412091,0.9272909701739742,0.46561130780741317,0.4339355528354645,0.9955129027366638,0.46892900471955323,-0.024040716291030457
fit,final_26,active,7349,198,0.951394250221294,0.927108582422484,0.7406648457256169,0.9213314056396484,0.999738085269928,0.7188325040098981,-0.011908351572254814
fit,final_27,all,29395,200,0.8998706756351573,0.892889821150295,0.48529134003667135,0.4968361258506775,0.9970920562744141,0.4814730421959379,-0.017384150853764612
fit,final_27,answer,189,189,0.9279548970479814,0.9208722215480906,0.1334599995262608,1.3727392797591165e-05,0.7630709648132332,0.1334599995262608,0.002424410531884018
fit,final_27,eos,194,194,0.9984365114846181,0.9990010071046573,0.06266204068412531,0.001200816361233592,0.2662350788712506,0.06266204068412531,0.2197764994968882
fit,final_27,other,29012,200,0.8990286209680602,0.891997974888392,0.49040943625309413,0.5145630240440369,0.9971956014633179,0.49118010735036177,-0.017695450546260826
fit,final_27,active,7349,198,0.9190849550499253,0.900396591065466,0.7578061874510056,0.9385485649108887,0.9997641086578369,0.7348741060311907,-0.008671527745000953
fit,final_28,all,29395,200,0.8458254330983611,0.8462516889812973,0.5227196623069474,0.6232115626335144,0.9986051082611084,0.5288325534241967,-0.012637846897279505
fit,final_28,answer,189,189,0.767803584772443,0.7615515116661314,0.1326520637726456,1.3727392797591165e-05,0.7694011926651019,0.1326520637726456,0.13630924252661195
fit,final_28,eos,194,194,0.9954255773234613,0.9971589953014531,0.0847474843691398,0.001553012989461422,0.33017688989639304,0.0847474843691398,-0.15440642303314409
fit,final_28,other,29012,200,0.845333350558513,0.845794371874116,0.5281894464873871,0.6398869752883911,0.9986563622951508,0.5501670555420384,-0.01265651282313885
fit,final_28,active,7349,198,0.8827618923226308,0.8759369639927416,0.7812166154128705,0.9542527198791504,0.9998455762863159,0.7637428006542041,-0.007593502368415651
fit,final_29,all,29395,200,0.7795388381580046,0.7891888958779152,0.5648719671503679,0.7528868913650513,0.9995514392852783,0.570567221361619,-0.023494751451379567
fit,final_29,answer,189,189,0.5952783941276489,0.5907515780236473,0.14999411653672595,1.72692998603452e-05,0.9159619331359864,0.14999411653672595,-0.052417294304820124
fit,final_29,eos,194,194,0.9911378701937568,0.9939179958141956,0.14463594998714313,0.002096713986247778,0.6560533821582797,0.14463594998714313,-0.2838625136151248
fit,final_29,other,29012,200,0.7793242721751975,0.7891126242553734,0.5703847791280201,0.7632165551185608,0.9995688199996948,0.5891820975684177,-0.023281730388285696
fit,final_29,active,7349,198,0.8310399914730899,0.8402272353757562,0.8095411713574354,0.9714316129684448,0.9999365329742431,0.8004651324802748,-0.025623883072521794
fit,final_30,all,29395,200,0.6902973186441995,0.7121101853211965,0.5991283668016929,0.8312196731567383,0.9997536182403565,0.6032022368071482,-0.023394800482207066
fit,final_30,answer,189,189,0.33375190390414367,0.33369318689478356,0.1603513991621677,2.9301956601557322e-05,0.9172633409500124,0.1603513991621677,-0.06574972514638004
fit,final_30,eos,194,194,0.9615575791019755,0.9648514119620176,0.22244692898533341,0.0032733650878071785,0.9058127641677858,0.22244692898533341,-0.3604169453632328
fit,final_30,other,29012,200,0.6908061630140141,0.712885347830995,0.6045056260675223,0.8404219150543213,0.9997647404670715,0.6221761027017145,-0.023064811429614526
fit,final_30,active,7349,198,0.7683505031396429,0.7990337059825379,0.8270200356099668,0.9782299399375916,0.9999423146247863,0.8198455191759252,-0.028037912980773665
fit,final_31,all,29395,200,0.36325833805800467,0.4377589415505137,0.6442514702164084,0.8956646919250488,0.9997666239738464,0.6409888771987433,-0.01315431677205477
fit,final_31,answer,189,189,0.0622352298174163,0.07770047459942159,0.641866136080943,0.9220938086509705,0.99994056224823,0.641866136080943,-0.21773283293108867
fit,final_31,eos,194,194,0.6987212089072797,0.7341625294888142,0.06276467903628435,0.0012008011108264327,0.26623516976833383,0.06276467903628435,0.44911890760677603
fit,final_31,other,29012,200,0.36297616414764733,0.438122541240081,0.6481553467378667,0.8994644284248352,0.9997689485549927,0.6567177231246382,-0.013623327300784001
fit,final_31,active,7349,198,0.5258148454735708,0.6424731069209214,0.8408860758255097,0.9778658151626587,0.9999133467674255,0.8396046630245503,-0.024304472782898018
fit,final_32,all,29395,200,0.06456991950203314,0.23136500989988182,0.2777748354596451,0.12353634834289551,0.8740828514099123,0.30739015053211693,0.053213945008023844
fit,final_32,answer,189,189,0.021297757748767777,0.06462896792626222,0.11075742539975243,1.5289893781300634e-05,0.5103659749031082,0.11075742539975243,-0.028288703026288244
fit,final_32,eos,194,194,0.025893314138410093,0.04133335927931699,0.058137204887155174,0.005373515188694,0.20780109316110634,0.058137204887155174,0.23015255760429798
fit,final_32,other,29012,200,0.06511044411294965,0.23372193986518597,0.2803315702877294,0.12805397808551788,0.8765095949172976,0.30828114685228053,0.05311797394398607
fit,final_32,active,7349,198,0.21004239256306317,0.45513012929215224,0.5668013046852034,0.5672938823699951,0.9512616276741028,0.5473449560188897,0.057354217681750606
fit,own_0,all,29395,200,0.9967682889116463,0.9836158683371076,0.7132316969703085,0.9917005300521851,0.9999999403953552,0.7250482955068595,0.01925156476355127
fit,own_0,answer,189,189,0.9999896004086449,0.9928830363763073,0.989504026988196,1.0,1.0,0.989504026988196,0.026791062917480363
fit,own_0,eos,194,194,0.9999993504937162,0.999890976959897,0.9296206581603684,0.9999998807907104,1.0,0.9296206581603684,0.7338265478824458
fit,own_0,other,29012,200,0.9967256977831529,0.983446667115812,0.7099849394615448,0.9903459548950195,0.9999999403953552,0.7303057718633882,0.018075441072297443
fit,own_0,active,7349,198,0.9916108398767843,0.9626459336071266,0.8602925286933046,0.9972169399261475,0.9999997615814209,0.8576024087388737,0.026291636258170967
fit,own_1,all,29395,200,0.9970289339841245,0.9832535932910257,0.3548634442220179,0.18782934546470642,0.9780123591423036,0.3731097951930403,-0.03832843757799773
fit,own_1,answer,189,189,0.9999259931069834,0.9926453576516853,0.11588895555794383,1.3727392797591165e-05,0.5230190992355359,0.11588895555794383,0.12020268953845936
fit,own_1,eos,194,194,0.9999895255590222,0.9998653976573157,0.061500802282003844,0.0012008178746327758,0.2662359371781353,0.061500802282003844,0.4323133946991403
fit,own_1,other,29012,200,0.9969902638152375,0.9830813289345103,0.35838193763487713,0.19733193516731262,0.97870112657547,0.3776850901535949,-0.03920542663385992
fit,own_1,active,7349,198,0.9912424971050333,0.9615272645541889,0.6658056256985766,0.826207160949707,0.9991521239280701,0.6416063714345841,-0.0009992515001591106
fit,own_2,all,29395,200,0.9969277856861031,0.9828437002478712,0.3607273800711456,0.1974780559539795,0.979471230506897,0.38008635894584264,-0.037139663905905236
fit,own_2,answer,189,189,0.9999009566332298,0.9926041575966689,0.11975865214227197,1.3727392797591165e-05,0.5675503492355349,0.11975865214227197,0.23154271972606413
fit,own_2,eos,194,194,0.9999261409351506,0.9997174730620433,0.06137075820357992,0.0012008149642497301,0.2662358567118649,0.06137075820357992,0.3413701867650374
fit,own_2,other,29012,200,0.9968883671617916,0.9826672822703145,0.3642989461203964,0.20452246069908142,0.9799804866313935,0.3853634615398988,-0.03807434567858484
fit,own_2,active,7349,198,0.9910351774358866,0.9608240235160445,0.6758419290166816,0.8421278595924377,0.999114990234375,0.6598764648928795,-0.001637271870820624
fit,own_3,all,29395,200,0.9968334120136375,0.982733926921567,0.37180789696917305,0.20759724080562592,0.9826135873794556,0.39026140605488713,-0.03337644376178121
fit,own_3,answer,189,189,0.9998540503007395,0.992550523665847,0.12286784534061664,1.3727392797591165e-05,0.8069908618927012,0.12286784534061664,0.19718875854895201
fit,own_3,eos,194,194,0.9999404647915634,0.9997202191770691,0.05961426104155302,0.0012008093763142824,0.26296712607145345,0.05961426104155302,0.319087512603988
fit,own_3,other,29012,200,0.9967929574129488,0.98255639081643,0.3755172322486352,0.21717286109924316,0.9834561586380005,0.396269018717407,-0.03420680037251267
fit,own_3,active,7349,198,0.9908296460429492,0.9606505038682055,0.6859523408243811,0.8595438003540039,0.9992991209030151,0.6722434984330311,-0.0017291141286178507
fit,own_4,all,29395,200,0.9967492236488226,0.9825250605744718,0.3694015156240595,0.20597867667675018,0.9818700313568115,0.38974824571749084,-0.03729427213715845
fit,own_4,answer,189,189,0.9995235848048377,0.9919615173465991,0.12080052308592203,1.3727392797591165e-05,0.7004614353179933,0.12080052308592203,0.1640428818412665
fit,own_4,eos,194,194,0.9999507684068581,0.9997590777185774,0.06271680190557209,0.001200819038785994,0.26623585373163267,0.06271680190557209,0.4090056370057547
fit,own_4,other,29012,200,0.9967097415744551,0.9823483443999271,0.3730718045407524,0.2151288390159607,0.9822834253311158,0.39726988291351634,-0.03829975172552968
fit,own_4,active,7349,198,0.9907020981029306,0.9602320990108886,0.6835994603688422,0.8549937009811401,0.9994090437889099,0.6697055769603557,-0.006100071582001973
fit,own_5,all,29395,200,0.9967357773139254,0.982535921262211,0.3717282702344737,0.20913265645503998,0.9828735709190369,0.39004479043270807,-0.03731823289717135
fit,own_5,answer,189,189,0.9999180186993231,0.9925923779527978,0.12512492152014648,1.3727392797591165e-05,0.8566357374191288,0.12512492152014648,0.04025142938332343
fit,own_5,eos,194,194,0.9999690805513834,0.9998203205693629,0.06251871435408726,0.0012008071644231677,0.26623574048280757,0.06251871435408726,0.3049664890231813
fit,own_5,other,29012,200,0.9966934257197607,0.9823548291699695,0.3754024287463929,0.21761465072631836,0.9836432814598084,0.39543521387273023,-0.037948449085273776
fit,own_5,active,7349,198,0.9907961049352735,0.9603838417239327,0.686473390871574,0.8588720560073853,0.9993319153785706,0.6709589194760643,-0.0077467887608956235
fit,own_6,all,29395,200,0.9966606433382142,0.9824069625644575,0.3739368235322828,0.21165382862091064,0.9829082489013674,0.39194944324100756,-0.036880772637755854
fit,own_6,answer,189,189,0.9998779454559246,0.9924373658245833,0.124668758983185,1.3727392797591165e-05,0.7337174654006982,0.124668758983185,-0.02057458175966728
fit,own_6,eos,194,194,0.9999430612804964,0.9997804883829097,0.06268441528490276,0.001200817758217454,0.2662359640002255,0.06268441528490276,0.36559796791240096
fit,own_6,other,29012,200,0.996617734914767,0.9822254442194642,0.37764200178265406,0.22070449590682983,0.9836709260940553,0.39792937109610316,-0.03751992713698608
fit,own_6,active,7349,198,0.9907002694269138,0.9601990112143695,0.6870931585268445,0.8557906150817871,0.9993516325950622,0.6730660812091406,-0.00871252979147263
fit,own_7,all,29395,200,0.9965789715955099,0.9823116003338838,0.37900150067677424,0.22075575590133667,0.9840781450271606,0.3978445820516441,-0.033343482572612146
fit,own_7,answer,189,189,0.9998802656219119,0.9924797377889119,0.1238118323431131,1.3727392797591165e-05,0.7350193023681666,0.1238118323431131,-0.06400458593556822
fit,own_7,eos,194,194,0.9999000970850286,0.9997611528204888,0.06275390158514045,0.001200817059725523,0.26623566150665323,0.06275390158514045,0.22060060642372908
fit,own_7,other,29012,200,0.9965352571698944,0.9821286763313537,0.3827786577682825,0.22816544771194458,0.9844788908958435,0.40630160879318467,-0.03373335846376267
fit,own_7,active,7349,198,0.9906397829604547,0.9601199243448097,0.6919323658603119,0.8659871816635132,0.9993943333625793,0.6768850190564837,-0.004264040856767474
fit,own_8,all,29395,200,0.99655941875411,0.9823036351655595,0.37714216863612104,0.2186782956123352,0.9840945959091186,0.396705398784801,-0.03826555286211248
fit,own_8,answer,189,189,0.9997259668572239,0.9921905764196285,0.1297963511599309,1.3727392797591165e-05,0.8570381283760076,0.1297963511599309,-0.08398693572432078
fit,own_8,eos,194,194,0.999941614792519,0.9997989910165059,0.06294618658667206,0.0012007950572296977,0.266233262419701,0.06294618658667206,0.253225674929829
fit,own_8,other,29012,200,0.9965161737650386,0.982122236746557,0.38085450766895546,0.2254001349210739,0.9843964874744415,0.4008337898208599,-0.03862136291294937
fit,own_8,active,7349,198,0.9906015701471323,0.9601319585066983,0.6908702275139196,0.8670394420623779,0.9994125843048096,0.6798267132134451,-0.010953997625265619
fit,own_9,all,29395,200,0.9964950890398325,0.9822271179279994,0.37788191168758173,0.2146463394165039,0.9839328408241274,0.39665624208440137,-0.03131093975707355
fit,own_9,answer,189,189,0.999576881764427,0.992004322627234,0.1315072610863928,1.3727392797591165e-05,0.863266122341157,0.1315072610863928,0.056600691155690226
fit,own_9,eos,194,194,0.999931049408372,0.999795748400934,0.06143309307467743,0.0012008100748062134,0.2480422213673592,0.06143309307467743,0.1824224547660055
fit,own_9,other,29012,200,0.9964520366774844,0.9820459444135948,0.38160298847561874,0.22428518533706665,0.9843217551708221,0.40050774652944965,-0.031785695051674695
fit,own_9,active,7349,198,0.9905258084717438,0.9600564123070886,0.691077082206758,0.8670402765274048,0.9994273543357849,0.6812051860019185,-0.001808954056041044
fit,own_10,all,29395,200,0.9965855508923611,0.9823581035946635,0.3754557330053196,0.2131202518939972,0.9841818571090698,0.3960030274016505,-0.031422000843501816
fit,own_10,answer,189,189,0.9997507349523918,0.9923102660153909,0.14380442166572868,1.3727392797591165e-05,0.8632611513137827,0.14380442166572868,-0.005891192013022353
fit,own_10,eos,194,194,0.9999345104718945,0.9997933270390501,0.06214043063623086,0.001200819737277925,0.26623376309871716,0.06214043063623086,0.3214584012602208
fit,own_10,other,29012,200,0.9965425370378949,0.9821766823880687,0.3790599404540575,0.22242403030395508,0.984494024515152,0.3972180194204592,-0.032046683709322045
fit,own_10,active,7349,198,0.9906392098223373,0.9602353958468005,0.6878044545472564,0.8615189790725708,0.9993933081626892,0.6782263036572068,-0.002154901353937104
fit,own_11,all,29395,200,0.9965456499260469,0.9823073995754428,0.37492893145182654,0.21314525604248047,0.9833736777305604,0.39614495902075875,-0.02999650660658467
fit,own_11,answer,189,189,0.9996207034777082,0.9920562120972487,0.13923809046999142,1.3727392797591165e-05,0.83958535194397,0.13923809046999142,0.19161939162106023
fit,own_11,eos,194,194,0.9998974437566147,0.9997707344207567,0.061447231033542306,0.0012008193880319595,0.2657893568277363,0.061447231033542306,0.3464863717531917
fit,own_11,other,29012,200,0.996503204278577,0.9821271151232639,0.37856056728619547,0.22271186113357544,0.9840280175209045,0.3978293474863428,-0.031052919980262602
fit,own_11,active,7349,198,0.9905686131045516,0.9601452174135326,0.6858406969130459,0.8576821088790894,0.9993842720985413,0.6783664495759932,-0.00014228177173834984
fit,own_12,all,29395,200,0.9965584939333995,0.9823115193777482,0.37574906085273296,0.21296603977680206,0.9839582443237305,0.39496860796854366,-0.035942586653443444
fit,own_12,answer,189,189,0.999695478923737,0.9921466254052662,0.13093935403344542,1.3727392797591165e-05,0.8547412753105166,0.13093935403344542,0.2664313055717634
fit,own_12,eos,194,194,0.9998993145436356,0.9997496217796483,0.06269512054714095,0.0012008191552013159,0.2662296414375309,0.06269512054714095,0.39772742085366886
fit,own_12,other,29012,200,0.9965157182074392,0.98213084148911,0.3794372415713367,0.222245454788208,0.9843202531337738,0.39867792800187757,-0.037167510881306855
fit,own_12,active,7349,198,0.9905770367143478,0.9601410995377564,0.6904107973253387,0.8620851039886475,0.9994583010673523,0.6784654865685223,-0.008492988218012042
fit,own_13,all,29395,200,0.9964095517164145,0.9821361207037858,0.37781449704790565,0.21598225831985474,0.9843353271484375,0.4010584167330309,-0.03529004361570232
fit,own_13,answer,189,189,0.999780017232138,0.9923168988454909,0.13971698316094347,1.3727392797591165e-05,0.8962867021560672,0.13971698316094347,0.11324459619880885
fit,own_13,eos,194,194,0.9998769314633202,0.9997206173606754,0.06259673017039934,0.001200819038785994,0.2662247180938725,0.06259673017039934,0.4214561721788076
fit,own_13,other,29012,200,0.9963644086841047,0.9819522119963469,0.3814734201452058,0.2241387665271759,0.9848625242710114,0.40441917029387164,-0.03629720413860698
fit,own_13,active,7349,198,0.9903377218057645,0.959888006715746,0.6926432799900505,0.866343080997467,0.9994381904602051,0.6870022811813054,-0.008656153474400819
fit,own_14,all,29395,200,0.9964125015836404,0.9821535897603505,0.3782083837125903,0.2175561636686325,0.9838654398918152,0.40149489109697767,-0.030663386773782154
fit,own_14,answer,189,189,0.9998839838164193,0.9925275435523381,0.1456157458593039,1.3727392797591165e-05,0.9096595525741579,0.1456157458593039,0.020376098170449924
fit,own_14,eos,194,194,0.9998723474360004,0.999697247116836,0.06263053887817516,0.0012008198536932468,0.26623525321483654,0.06263053887817516,0.4419133334850632
fit,own_14,other,29012,200,0.9963667508516207,0.9819686956891439,0.3818338528444029,0.2248261421918869,0.9842794656753541,0.4042394056991833,-0.03162433015272925
fit,own_14,active,7349,198,0.9903542244757969,0.9599305455674159,0.6929059895838238,0.8669853806495667,0.9994434356689453,0.6888001187427562,-0.0024760454819331666
fit,own_15,all,29395,200,0.9962614396345273,0.981991651559642,0.3826572434198312,0.22318744659423828,0.9854464411735535,0.40560816360324636,-0.03443554568577815
fit,own_15,answer,189,189,0.9998093821384288,0.9924445186973249,0.1424903516167531,1.3727392797591165e-05,0.8632432103157053,0.1424903516167531,-0.021497812249550288
fit,own_15,eos,194,194,0.9998762315696048,0.9996828356968988,0.060969163641400356,0.0012005639728158712,0.26501730978488963,0.060969163641400356,0.27104869293019396
fit,own_15,other,29012,200,0.996214154691447,0.9818052569087509,0.3863729138330325,0.23335862159729004,0.9859345495700836,0.40932134725187036,-0.03486849990159087
fit,own_15,active,7349,198,0.990149135416601,0.9597561099758005,0.6965782453024764,0.8697012662887573,0.9994434118270874,0.6937641575505845,-0.008625986464399306
fit,own_16,all,29395,200,0.9962438196861373,0.9819884166239878,0.38711050885577397,0.2312341183423996,0.985320258140564,0.40615935561519023,-0.03265722561352004
fit,own_16,answer,189,189,0.9998725141797747,0.9925787981855806,0.13000276763102966,1.3727392797591165e-05,0.7542973041534444,0.13000276763102966,0.016450300914393996
fit,own_16,eos,194,194,0.9999389694523566,0.999773280522258,0.06348397266687872,0.0011878053192049265,0.24801337569952014,0.06348397266687872,0.19954464644145634
fit,own_16,other,29012,200,0.9961954713366976,0.9818004997030101,0.3909495034480849,0.24271610379219055,0.985765689611435,0.4127699303008866,-0.032953348770066164
fit,own_16,active,7349,198,0.990179179814425,0.9597859035945231,0.7048497243979402,0.8817538619041443,0.999433982372284,0.6962489064823574,-0.006791801428541938
fit,own_17,all,29395,200,0.9960030879155575,0.9817274061501974,0.3932722835589608,0.2401956021785736,0.98668053150177,0.3985553174007251,-0.03045650026769353
fit,own_17,answer,189,189,0.9999007418672875,0.9926140762510753,0.12097841603908067,1.3727392797591165e-05,0.6160887718200703,0.12097841603908067,0.059127036856037395
fit,own_17,eos,194,194,0.9998486527462596,0.999673890391576,0.060923855193845834,0.0012007007608190179,0.2575414627790453,0.060923855193845834,0.2645715466426172
fit,own_17,other,29012,200,0.9959519816087178,0.9815364783068259,0.3972685311828438,0.25006580352783203,0.9871177911758423,0.400527163713607,-0.030962911955312856
fit,own_17,active,7349,198,0.9898914661228552,0.9595714120226251,0.7047008376933132,0.8830201625823975,0.9994329333305358,0.6744502694609089,-0.005460265216670923
fit,own_18,all,29395,200,0.9951393638235165,0.9808088580154036,0.39974434554152183,0.2531616985797882,0.9874475955963136,0.40575512128125524,-0.024583632932290853
fit,own_18,answer,189,189,0.999710223977528,0.9923067458722957,0.12605145471421805,1.3727392797591165e-05,0.7350193023681666,0.12605145471421805,0.017178784050304676
fit,own_18,eos,194,194,0.9998439823843769,0.9996692827067424,0.06269263216542696,0.001200819737277925,0.2662360042333607,0.06269263216542696,0.4266149888331099
fit,own_18,other,29012,200,0.9950781274878653,0.9806078369484288,0.4037811575076504,0.2651187777519226,0.9877039611339569,0.40734304040329505,-0.02529475295689703
fit,own_18,active,7349,198,0.9893123635738087,0.9588916044142911,0.70368539703157,0.8854062557220459,0.9994652748107911,0.6776997806238596,0.0016047717731168289
fit,own_19,all,29395,200,0.9879052406851219,0.9735732769933774,0.4216498028199581,0.3066413998603821,0.9911862373352051,0.42957860551033006,-0.017662198075325746
fit,own_19,answer,189,189,0.9994319806653986,0.9919349535432442,0.12553996631804135,1.3727392797591165e-05,0.7350193023681666,0.12553996631804135,0.05113340097672692
fit,own_19,eos,194,194,0.9998053167898631,0.9996238679615492,0.07546443821833396,0.001260317163541913,0.28938543200492894,0.07546443821833396,0.09481181629142944
fit,own_19,other,29012,200,0.9877505747323923,0.9732794616233321,0.425893726707714,0.320858895778656,0.991436219215393,0.43604400767304624,-0.0178543232700248
fit,own_19,active,7349,198,0.9855714029666599,0.955563803069326,0.7185299199325551,0.9019097089767456,0.9995511293411254,0.7054588170766284,0.006773082481157893
fit,own_20,all,29395,200,0.9877687710884824,0.9735088731891197,0.4338801124962568,0.33426278829574585,0.9930266857147216,0.44164988386507176,-0.02021638387923194
fit,own_20,answer,189,189,0.9943511621661918,0.9865188712165469,0.13377907185265178,1.3727392797591165e-05,0.7738295078277605,0.13377907185265178,0.19509192900164263
fit,own_20,eos,194,194,0.9997091253393704,0.9995817345442232,0.059636728870272396,0.0012603169307112694,0.24801477342844014,0.059636728870272396,0.1616506292675802
fit,own_20,other,29012,200,0.9876460459872015,0.9732497726538214,0.43833765810169867,0.3485795855522156,0.9932669460773468,0.44858448936010625,-0.020597951108667027
fit,own_20,active,7349,198,0.9849562888792914,0.9550206538128587,0.7307939689984697,0.9176532626152039,0.9996706485748291,0.7188402025978919,-0.00014004058773022315
fit,own_21,all,29395,200,0.9825505153504224,0.9682791635969143,0.45033870861100705,0.3805702030658722,0.9949225544929504,0.45743889378212443,-0.02324719727046807
fit,own_21,answer,189,189,0.9723985892124277,0.9644698522709034,0.15099153082626388,1.3727392797591165e-05,0.9188057065010072,0.15099153082626388,0.0007597317504141834
fit,own_21,eos,194,194,0.9985722573762087,0.9990793703143129,0.06897394321092798,0.001260309829376638,0.2736680269241333,0.06897394321092798,0.006032105537129421
fit,own_21,other,29012,200,0.9825095149398019,0.9680980219912836,0.4548389630260398,0.396678626537323,0.9950529396533966,0.46077527412008706,-0.0233103418151663
fit,own_21,active,7349,198,0.9795115113558454,0.9502411017977315,0.7437171422909218,0.9278762936592102,0.9997731566429138,0.7382002933889391,-0.007516836563066132
fit,own_22,all,29395,200,0.973878086735045,0.9597230668426581,0.46018205547912705,0.41177287697792053,0.9957428097724914,0.46400355371728064,-0.020602508918169237
fit,own_22,answer,189,189,0.8623791646074366,0.855235474686774,0.14761909857471606,1.3727392797591165e-05,0.9053596019744874,0.14761909857471606,0.055988025962551646
fit,own_22,eos,194,194,0.9977516624116406,0.9988647619473565,0.07042548688821287,0.001194169744849205,0.283085757493973,0.07042548688821287,-0.04844068792199238
fit,own_22,other,29012,200,0.9744448116282223,0.9601420198988814,0.4648245197408661,0.42626428604125977,0.9958707571029664,0.46779494560846824,-0.020679735371216854
fit,own_22,active,7349,198,0.9734314312031276,0.9448714633121862,0.7491277319980176,0.9308978915214539,0.9997846126556397,0.7416801023191554,-0.00490960973080368
fit,own_23,all,29395,200,0.9388366041849581,0.9286890501045004,0.4924412566627825,0.5192373991012573,0.9977903604507447,0.4894012668079503,-0.00799387127901775
fit,own_23,answer,189,189,0.8447623935641435,0.8391274991174223,0.13074857993151093,1.3727392797591165e-05,0.7371280193328862,0.13074857993151093,0.1849996029886855
fit,own_23,eos,194,194,0.9970516049370324,0.9985469721027256,0.08994646595665508,0.0015349785098806024,0.32086105942726134,0.08994646595665508,-0.15512301903545334
fit,own_23,other,29012,200,0.9390601777290581,0.928805370808654,0.4974889577967685,0.5334014296531677,0.9978516399860382,0.4979756728132745,-0.008056317176026558
fit,own_23,active,7349,198,0.9452154096933243,0.922295948924163,0.762127527132666,0.9403582811355591,0.9998061656951904,0.743268742644982,0.007597447824356673
fit,own_24,all,29395,200,0.9187654351950472,0.911000289146922,0.5108052536198087,0.5785809755325317,0.9984784364700318,0.5176586920821705,-0.01966144946321244
fit,own_24,answer,189,189,0.5170676341605565,0.5122352300812958,0.13666261891354162,1.3727392797591165e-05,0.8016209363937389,0.13666261891354162,0.17837600083478547
fit,own_24,eos,194,194,0.9958138680949653,0.9986159042599275,0.07749587789953459,0.001358624780550599,0.2873829990625385,0.07749587789953459,-0.1489998136515842
fit,own_24,other,29012,200,0.9208670996240054,0.9130121865284013,0.5161401142584828,0.5934023857116699,0.9985199630260467,0.53271709858432,-0.019683500540877346
fit,own_24,active,7349,198,0.9307702489046195,0.9114323114966909,0.7816625660212438,0.9561327695846558,0.9998747825622558,0.765794333439673,-0.01314403500423534
fit,own_25,all,29395,200,0.890455209150119,0.88726124936595,0.5320137316275108,0.6530658006668091,0.9990236043930054,0.5292974906083576,-0.01472706664986415
fit,own_25,answer,189,189,0.6754530582320754,0.6739607383965185,0.12722216141053103,1.3727392797591165e-05,0.7492841601371767,0.12722216141053103,0.1450104024326435
fit,own_25,eos,194,194,0.9954127460410914,0.9985365935207642,0.06269033453335415,0.0012007200857624412,0.2662335276603703,0.06269033453335415,0.12610331408078623
fit,own_25,other,29012,200,0.8911540111757174,0.8879067195095868,0.5377890778913765,0.6684935092926025,0.9990618526935577,0.5455492261927278,-0.015049326309023763
fit,own_25,active,7349,198,0.9013603646607261,0.8925434160264885,0.792037365724182,0.9644438624382019,0.9998928308486938,0.7719623813724051,-0.008453202914523504
fit,own_26,all,29395,200,0.8620828737466729,0.8621994310838645,0.5499570150418679,0.7112494707107544,0.9993754982948303,0.544781692456572,-0.013616174034039218
fit,own_26,answer,189,189,0.7631646319041177,0.7636199909700918,0.12895007851457466,1.4035345884622075e-05,0.7747824072837846,0.12895007851457466,0.010778091277549903
fit,own_26,eos,194,194,0.9952804378627502,0.9985748274424642,0.06267278318127349,0.0012007992481812835,0.2662282869219784,0.06267278318127349,0.10876857349243013
fit,own_26,other,29012,200,0.8618366039365849,0.8619297043255554,0.5559580991444674,0.7284666299819946,0.9993954122066497,0.5601907904298765,-0.013800801998103488
fit,own_26,active,7349,198,0.875561179848055,0.87293038092141,0.7968321819859399,0.9678778052330017,0.9999143481254578,0.7771057398941428,-0.008495086669288202
fit,own_27,all,29395,200,0.8115989948280583,0.820316295690749,0.5751472592088132,0.7887728214263916,0.9996691346168518,0.5712513976130842,-0.00712395698247543
fit,own_27,answer,189,189,0.61794937329081,0.6164226030940732,0.14615015384816304,1.8057207853416912e-05,0.9155243635177612,0.14615015384816304,-0.03669218203326669
fit,own_27,eos,194,194,0.9951972503637531,0.9984742903832308,0.06267817261501599,0.0012008189223706722,0.26622400879859964,0.06267817261501599,0.1490587081696424
fit,own_27,other,29012,200,0.811632833132781,0.8204532478805474,0.581368803939006,0.7996962666511536,0.9996808111667633,0.588474447245333,-0.007289624323291152
fit,own_27,active,7349,198,0.8249492437553012,0.8352143423184946,0.8137556706336206,0.9765523672103882,0.9999480366706848,0.7954376135521528,-0.0038290724886892924
fit,own_28,all,29395,200,0.7486461958390507,0.7685011964663412,0.6141681708195621,0.8726086020469666,0.9998305201530456,0.626435986770487,-0.004246543544224209
fit,own_28,answer,189,189,0.48982655820707793,0.4898990317193604,0.14663635936060962,1.4034971172804944e-05,0.9159520864486695,0.14663635936060962,0.09979136266723694
fit,own_28,eos,194,194,0.9807997527196235,0.984122986953283,0.21592924480087722,0.005225583910942078,0.902355444431305,0.21592924480087722,-0.3228375518816863
fit,own_28,other,29012,200,0.7487799033213893,0.7688743241990971,0.619876907342841,0.8803902864456177,0.9998385846614838,0.6496758304105554,-0.004108807413819979
fit,own_28,active,7349,198,0.7859630322202702,0.818275323226097,0.8360581027911714,0.9837313890457153,0.9999719977378845,0.8261237891666078,-0.0038970968869466954
fit,own_29,all,29395,200,0.7122796308104882,0.7378194702025631,0.6288258323818878,0.8950191140174866,0.9999024033546448,0.641102665299448,-0.01938342252789947
fit,own_29,answer,189,189,0.5581919332552288,0.5598480679949736,0.1651158068484211,1.921438888530247e-05,0.9237113475799561,0.1651158068484211,-0.08239430433236039
fit,own_29,eos,194,194,0.9684920572128493,0.9717581434962675,0.29218023841169094,0.007605338003486395,0.9699764728546143,0.29218023841169094,-0.4029010504702347
fit,own_29,other,29012,200,0.7115701783120698,0.7374145512861925,0.6340978039817791,0.9011921882629395,0.9999064207077026,0.660548039435438,-0.01901799275423682
fit,own_29,active,7349,198,0.7656297386734299,0.8039692400857463,0.8443151766307858,0.9857889413833618,0.9999837875366211,0.8382148815734555,-0.024351637086159294
fit,own_30,all,29395,200,0.6465673656248436,0.6802826033682389,0.6365938072576903,0.9048635363578796,0.9998929500579834,0.6499664289788852,-0.020906122735688808
fit,own_30,answer,189,189,0.317460087431033,0.3241351806354172,0.17037492957898218,2.1693631424568594e-05,0.9239820718765259,0.17037492957898218,-0.09028574622292787
fit,own_30,eos,194,194,0.9026061419359187,0.9059099361454088,0.33113145308804454,0.02617519721388817,0.9825556099414826,0.33113145308804454,-0.42807772428043517
fit,own_30,other,29012,200,0.6469992473625481,0.6810939972858499,0.641673604051782,0.9092385768890381,0.9998984932899475,0.6661515206307618,-0.020443480444650726
fit,own_30,active,7349,198,0.7218391882854589,0.7751994406205527,0.8537781041086491,0.9861981868743896,0.9999780178070068,0.8471163270527293,-0.0273337737987099
fit,own_31,all,29395,200,0.34070899312471165,0.42003626395015914,0.6513566850128244,0.9060608148574829,0.9997967481613159,0.6528401133671882,-0.011017737994300626
fit,own_31,answer,189,189,0.06990655874539732,0.08661210631382549,0.34695224024635246,0.040969736874103546,0.9886644601821899,0.34695224024635246,-0.2335481753385514
fit,own_31,eos,194,194,0.660081903229362,0.6958710721780345,0.06281247065808507,0.0012008012272417545,0.26620919704437296,0.06281247065808507,0.44828784062415705
fit,own_31,other,29012,200,0.34033753702162983,0.42036389434437726,0.6572752710339772,0.9116279482841492,0.9998027265071869,0.6732829489142369,-0.011450945993536486
fit,own_31,active,7349,198,0.5104619715059782,0.6356487464679185,0.8521162302477092,0.9817112684249878,0.999942421913147,0.8513522512720152,-0.022986015866461557
fit,own_32,all,29395,200,0.06456991950203314,0.23136500989988182,0.2777748354596451,0.12353634834289551,0.8740828514099123,0.30739015053211693,0.053213945008023844
fit,own_32,answer,189,189,0.021297757748767777,0.06462896792626222,0.11075742539975243,1.5289893781300634e-05,0.5103659749031082,0.11075742539975243,-0.028288703026288244
fit,own_32,eos,194,194,0.025893314138410093,0.04133335927931699,0.058137204887155174,0.005373515188694,0.20780109316110634,0.058137204887155174,0.23015255760429798
fit,own_32,other,29012,200,0.06511044411294965,0.23372193986518597,0.2803315702877294,0.12805397808551788,0.8765095949172976,0.30828114685228053,0.05311797394398607
fit,own_32,active,7349,198,0.21004239256306317,0.45513012929215224,0.5668013046852034,0.5672938823699951,0.9512616276741028,0.5473449560188897,0.057354217681750606
selection,final_0,all,13368,100,0.9970559045864144,0.982204299702901,0.34119243802051075,0.17890700697898865,0.9717276215553285,0.35838339494029325,-0.055945046603770365
selection,final_0,answer,97,97,0.9999678915308923,0.9987579713162688,0.08796182012871112,1.0016151463787537e-05,0.08112202733755132,0.08796182012871112,-0.27423677589060647
selection,final_0,eos,99,99,0.9999622540040449,0.9997990155460859,0.07978369848009058,0.003940333146601915,0.20927376449108137,0.07978369848009058,0.45421648637359197
selection,final_0,other,13172,100,0.9970126164505231,0.9819501558359884,0.3450219882141036,0.18808525800704956,0.9733872056007385,0.35795307623371614,-0.056562953655356574
selection,final_0,active,3416,100,0.9909501342273009,0.9604128144446442,0.6454920966194375,0.7903332114219666,0.9988347589969635,0.6228559491391246,-0.016748040503316266
selection,final_1,all,13368,100,0.9970762824482506,0.9822348387996075,0.34077877630183373,0.18026910722255707,0.9718412935733796,0.357920576109389,-0.05683190716282751
selection,final_1,answer,97,97,0.9999783966959137,0.9988025316258067,0.08954778186107164,1.0016151463787537e-05,0.10532751679420475,0.08954778186107164,-0.282930890244243
selection,final_1,eos,99,99,0.999972012909976,0.9998196923371517,0.07367495531119951,0.0036159129813313484,0.20927270352840435,0.07367495531119951,0.4193591840981723
selection,final_1,other,13172,100,0.9970331468274084,0.981980665803528,0.34463640496405856,0.18842512369155884,0.9737765192985535,0.3572846100737334,-0.05732794647044481
selection,final_1,active,3416,100,0.9909890960788559,0.9604616131261645,0.6449253931014848,0.7920254468917847,0.9986630082130432,0.6224312118844757,-0.017869819959236827
selection,final_2,all,13368,100,0.9970738699593938,0.9822314750231225,0.3407788871185086,0.18106293678283691,0.9719309210777285,0.3579878075543427,-0.05654499660035723
selection,final_2,answer,97,97,0.9999781103478265,0.9988018274307251,0.08910487017271804,1.0016151463787537e-05,0.1072680294513703,0.08910487017271804,-0.27761906833690103
selection,final_2,eos,99,99,0.999971557747234,0.9998184460582156,0.07453212358356293,0.003659528214484453,0.20927264392375958,0.07453212358356293,0.4086726584176002
selection,final_2,other,13172,100,0.9970307039702749,0.9819772665266139,0.3446333366503717,0.1891975849866867,0.974038279056549,0.35737417305522434,-0.057039220742237974
selection,final_2,active,3416,100,0.9909854084645906,0.960456996250721,0.644970967109435,0.7924685478210449,0.9987220764160156,0.6227287865484328,-0.017391535918667943
selection,final_3,all,13368,100,0.9970716620872899,0.9822287187024835,0.3407641319732782,0.18011437356472015,0.9716669023036957,0.3580503199546681,-0.05662923530561481
selection,final_3,answer,97,97,0.9999773078358051,0.9987983623730767,0.08854025162770013,1.0016151463787537e-05,0.11195763945579543,0.08854025162770013,-0.2730143272784942
selection,final_3,eos,99,99,0.9999716203622143,0.9998192751046383,0.07402755647914296,0.0037175596226006746,0.20927244126796735,0.07402755647914296,0.411095392515186
selection,final_3,other,13172,100,0.9970284686840996,0.981974488477775,0.34462631215604783,0.18842512369155884,0.9737566113471984,0.3574465560099733,-0.057135515611118584
selection,final_3,active,3416,100,0.9909816529226666,0.9604528316436226,0.6448267185768727,0.7936645746231079,0.9986628890037537,0.6228681044655144,-0.017649434089390747
selection,final_4,all,13368,100,0.9970671362887326,0.982222356207968,0.3408923347461533,0.18073302507400513,0.971911543607712,0.3579748083813847,-0.05682878205275093
selection,final_4,answer,97,97,0.9999746643390852,0.9987897160126991,0.08813554250331934,1.0016151463787537e-05,0.08357121050357837,0.08813554250331934,-0.27600219211347965
selection,final_4,eos,99,99,0.99997137050436,0.9998184851925782,0.07543116330162199,0.003757788799703121,0.20927271544933332,0.07543116330162199,0.4160628255480066
selection,final_4,other,13172,100,0.9970238968863463,0.9819681009186775,0.3447488534844288,0.188850998878479,0.973935467004776,0.3575316447978257,-0.057352352521466324
selection,final_4,active,3416,100,0.9909743166788191,0.9604438518820684,0.6448067343700669,0.7955621480941772,0.9987517893314362,0.621930259242932,-0.017786713618877025
selection,final_5,all,13368,100,0.9970664306728249,0.9822218777782677,0.3408703568172178,0.17922429740428925,0.9718373239040374,0.35796822617464413,-0.05625416903314338
selection,final_5,answer,97,97,0.9999765895076633,0.998797327587285,0.08741652141924422,1.0016151463787537e-05,0.10320004224777223,0.08741652141924422,-0.24501966680135967
selection,final_5,eos,99,99,0.9999727287677803,0.9998222758071591,0.07329372503801898,0.0036134663969278336,0.2092724293470384,0.07329372503801898,0.4052589729198151
selection,final_5,other,13172,100,0.9970231563850644,0.9819675308274376,0.3447479083340523,0.18717779219150543,0.9739056527614594,0.3574612969306434,-0.05677662848523774
selection,final_5,active,3416,100,0.9909741278493502,0.9604441640785168,0.6444549067116486,0.7924654483795166,0.9988086521625519,0.6216325432371099,-0.01687749050983669
selection,final_6,all,13368,100,0.997062158522841,0.9822161221812785,0.34118504139576095,0.18080885708332062,0.9721197485923768,0.3584833905955112,-0.05661250110130767
selection,final_6,answer,97,97,0.9999753900409973,0.9987897092534095,0.08830383239653973,1.0016151463787537e-05,0.11039061546325694,0.08830383239653973,-0.2756839738498644
selection,final_6,eos,99,99,0.9999703457861235,0.9998181046861591,0.07431723868808436,0.0037600863724946976,0.20927213132381453,0.07431723868808436,0.412949476437794
selection,final_6,other,13172,100,0.9970188474086346,0.9819617770390086,0.34505304851244667,0.18844470381736755,0.9738168239593505,0.35798636882187407,-0.05711010748860003
selection,final_6,active,3416,100,0.9909670182593184,0.9604358539103576,0.6449195409251025,0.7922760248184204,0.9987049996852875,0.6229023318115238,-0.017501331361282683
selection,final_7,all,13368,100,0.9970598999970441,0.9822140680164135,0.3412642591200221,0.18089012801647186,0.9730027258396151,0.35871796863267663,-0.05599732624687187
selection,final_7,answer,97,97,0.9999753328942761,0.9987886025733554,0.09001119266018476,1.0016151463787537e-05,0.11408433914184588,0.09001119266018476,-0.27818076654430995
selection,final_7,eos,99,99,0.9999711543622644,0.9998200469546847,0.07477906946739708,0.0036817099899053574,0.20927159488201155,0.07477906946739708,0.39413979695961066
selection,final_7,other,13172,100,0.9970165496194866,0.9819596858598001,0.34511740072510966,0.18971213698387146,0.9740472257137298,0.3582079919043518,-0.05645553929139674
selection,final_7,active,3416,100,0.99096397923816,0.960433182027409,0.6457161352851024,0.7925899028778076,0.9987227320671082,0.6245229117595948,-0.01660105722687599
selection,final_8,all,13368,100,0.9970575435101575,0.9822112548624554,0.3412231282950267,0.18028521537780762,0.9719154000282291,0.35857182397822107,-0.05536517429579863
selection,final_8,answer,97,97,0.9999717633748791,0.9987775505203562,0.08936902594718173,1.0016151463787537e-05,0.07426463142037418,0.08936902594718173,-0.26500921921224596
selection,final_8,eos,99,99,0.999971193496627,0.9998207953241136,0.07359927528620236,0.003605663776397705,0.20927018821239485,0.07359927528620236,0.4033592734595276
selection,final_8,other,13172,100,0.9970141840601471,0.9819569066097588,0.34508925412068825,0.18844473361968994,0.9739925920963287,0.35829599862359823,-0.05584493003119258
selection,final_8,active,3416,100,0.9909593667747754,0.9604283702571765,0.6457521349259757,0.7924604415893555,0.9987305104732513,0.6243533216293676,-0.015751350222186686
selection,final_9,all,13368,100,0.9970542160523269,0.9822070190264581,0.34125436968646966,0.1788770705461502,0.9728352189064027,0.3587066722155933,-0.055230024898337025
selection,final_9,answer,97,97,0.9999698603276125,0.9987746489416692,0.09058169596371628,1.0016151463787537e-05,0.07896491885185264,0.09058169596371628,-0.27995049802696537
selection,final_9,eos,99,99,0.9999723789667843,0.9998230271869235,0.07403125084294683,0.0035677356645464897,0.20926907956600202,0.07403125084294683,0.3842988504679844
selection,final_9,other,13172,100,0.9970108121938974,0.9819526123372946,0.3451087834517761,0.18729664385318756,0.9737645149230957,0.3583879815119337,-0.055676764429337465
selection,final_9,active,3416,100,0.990953210937579,0.9604211560291275,0.6452413961758813,0.7947745323181152,0.9987340569496155,0.6237392617367391,-0.015859732836883474
selection,final_10,all,13368,100,0.9970556823263654,0.9822090858764827,0.3415609729380667,0.17913803458213806,0.972499513626099,0.3589611734398606,-0.055671132588104716
selection,final_10,answer,97,97,0.999972187981163,0.9987827109307358,0.09018200784896811,1.0016151463787537e-05,0.07426463142037418,0.09018200784896811,-0.2781526764400402
selection,final_10,eos,99,99,0.9999706709023678,0.9998197103991653,0.07728324087235644,0.0037248320877552032,0.20927111804485335,0.07728324087235644,0.4047563331600843
selection,final_10,other,13172,100,0.9970122959827928,0.981954675501596,0.3453984505487673,0.18794763088226318,0.9740534603595734,0.35874479906018225,-0.05616345601759505
selection,final_10,active,3416,100,0.9909561572626966,0.9604249730912328,0.645607834804912,0.7961145639419556,0.9987800419330597,0.6239974587051237,-0.01664378500554216
selection,final_11,all,13368,100,0.9970524298726068,0.9822042905729719,0.3413957298087718,0.17913803458213806,0.9724627137184144,0.3585955097222903,-0.054345786944862716
selection,final_11,answer,97,97,0.99997060384947,0.9987744492353853,0.09019608421840823,1.0016151463787537e-05,0.07426463142037418,0.09019608421840823,-0.27445671602452587
selection,final_11,eos,99,99,0.9999701802176658,0.9998192871459807,0.0781051659949883,0.0037471828982234,0.20927267968654645,0.0781051659949883,0.4092098117795409
selection,final_11,other,13172,100,0.9970090104860355,0.9819498728648803,0.3452244673915101,0.18749842047691345,0.9740534603595734,0.3583910219270629,-0.054873458572182905
selection,final_11,active,3416,100,0.9909512543749823,0.9604185127093734,0.6453292712008071,0.7916209101676941,0.9987809062004089,0.6224805001036883,-0.014860609450746437
selection,final_12,all,13368,100,0.9970508828415869,0.9822023588388474,0.3416127197790786,0.17899301648139954,0.9721058905124664,0.35879658943802484,-0.05499797013311935
selection,final_12,answer,97,97,0.9999705878729673,0.9987750925968603,0.0905628012337149,1.0016151463787537e-05,0.07987361103296302,0.0905628012337149,-0.30222514889689067
selection,final_12,eos,99,99,0.9999686834788082,0.9998156024952127,0.0788493934213642,0.0038197338581085205,0.20927260816097273,0.0788493934213642,0.41948913789250536
selection,final_12,other,13172,100,0.9970074518021754,0.9819479353423011,0.34543639206941523,0.18800929188728333,0.9738381087779998,0.35846704978890825,-0.05552796377365365
selection,final_12,active,3416,100,0.990948482780811,0.960415558819441,0.646238125640182,0.7983300685882568,0.9987048208713531,0.6231986246518851,-0.015709452358337057
selection,final_13,all,13368,100,0.997046793147226,0.982197009715464,0.34152882247447636,0.18002840876579285,0.9712431132793431,0.3589085080017962,-0.05407777248214533
selection,final_13,answer,97,97,0.9999721683177751,0.9987805233788245,0.09013056346219277,1.0016151463787537e-05,0.07426463142037418,0.09013056346219277,-0.2774428081507961
selection,final_13,eos,99,99,0.9999660735178475,0.9998110014982898,0.07916631841485389,0.0038101831451058388,0.20927225053310408,0.07916631841485389,0.4214858408324277
selection,final_13,other,13172,100,0.9970033092307187,0.9819425012116798,0.3453520474233143,0.1880136877298355,0.9737003564834593,0.3587730478450716,-0.05460822850922758
selection,final_13,active,3416,100,0.9909420513462894,0.9604080510339361,0.6455663191319594,0.7936579585075378,0.9987438023090363,0.6228742575984332,-0.014217929108627278
selection,final_14,all,13368,100,0.9970446574389668,0.9821945502756321,0.34161862194146597,0.17899301648139954,0.9708858013153078,0.35904983284002506,-0.05234124720110739
selection,final_14,answer,97,97,0.9999733173970095,0.9987875597993123,0.090247386616896,1.0016151463787537e-05,0.07426463142037418,0.090247386616896,-0.276493386498323
selection,final_14,eos,99,99,0.9999661794816604,0.9998098822555157,0.08096050560287538,0.003925473429262638,0.20927308499813094,0.08096050560287538,0.42319127789895616
selection,final_14,other,13172,100,0.9970011324846578,0.9819399617704844,0.34542883780420536,0.18678218126296997,0.9729940891265869,0.3588996043009557,-0.052895538210201216
selection,final_14,active,3416,100,0.9909398965755657,0.9604055727807482,0.646207495007829,0.7927973866462708,0.9987092316150665,0.6239387584050929,-0.011955657665787107
selection,final_15,all,13368,100,0.9970391502248303,0.9821874997888584,0.34201310699092596,0.1802181899547577,0.9718504846096039,0.35908934789745045,-0.053142642888415775
selection,final_15,answer,97,97,0.9999714598213274,0.9987832535173475,0.09016632087715098,1.0016151463787537e-05,0.07426463142037418,0.09016632087715098,-0.2785198072732272
selection,final_15,eos,99,99,0.9999649271820531,0.9998069983540159,0.07418046816781446,0.0037665017880499363,0.20926825702190413,0.07418046816781446,0.4005911940674759
selection,final_15,other,13172,100,0.9969955664145034,0.9819328597592795,0.34588074816132713,0.1878589242696762,0.973819226026535,0.3590186884459762,-0.05357747213788833
selection,final_15,active,3416,100,0.9909311034596706,0.9603955692595821,0.6465561795119481,0.7941228151321411,0.9987524449825287,0.624053753218788,-0.013496882211153197
selection,final_16,all,13368,100,0.997037666145866,0.9821879133812159,0.3432323394846321,0.1822550892829895,0.9714360833168032,0.36017125057343663,-0.05179534755229117
selection,final_16,answer,97,97,0.9999730242896325,0.9987899384547755,0.09064269533605664,1.0016151463787537e-05,0.1156838834285738,0.09064269533605664,-0.3026989607720552
selection,final_16,eos,99,99,0.9999659801974441,0.999812283299186,0.0690567673676461,0.003413985949009657,0.18818150460720068,0.0690567673676461,0.39080735259148613
selection,final_16,other,13172,100,0.9969940408170586,0.9819331905559795,0.3471531242646195,0.1910499483346939,0.9734981298446655,0.3599135837671325,-0.05214956623600118
selection,final_16,active,3416,100,0.9909310592447497,0.9603980820687636,0.6487859682491236,0.7952919006347656,0.9987311959266663,0.6256241074214102,-0.011916581700011999
selection,final_17,all,13368,100,0.9970309922470528,0.9821802352784722,0.3437021177332068,0.18157286942005157,0.9715942382812501,0.3608828685647582,-0.05041605751696767
selection,final_17,answer,97,97,0.9999732338276106,0.9987912724927529,0.09199974699516322,1.0016151463787537e-05,0.151438760757447,0.09199974699516322,-0.36257087923517994
selection,final_17,eos,99,99,0.9999627525156195,0.9998058231189998,0.07449380671626747,0.0038941041566431522,0.20927108228206648,0.07449380671626747,0.3675513417673023
selection,final_17,other,13172,100,0.9969872903263193,0.9819254369330427,0.34757903488719,0.18901221454143524,0.9732366263866424,0.36021605189746014,-0.05068656601102583
selection,final_17,active,3416,100,0.9909212246092267,0.9603875738042963,0.6484697908578776,0.7971743941307068,0.9986632466316223,0.6274132365334576,-0.01003333938396511
selection,final_18,all,13368,100,0.9970201877247317,0.9821686018112727,0.34553086059439314,0.1830066740512848,0.9716715633869172,0.3631608423349232,-0.04867914073307616
selection,final_18,answer,97,97,0.9999672967134062,0.998768394140853,0.0961712430315201,1.0016151463787537e-05,0.29851367473602575,0.0961712430315201,-0.38148650474784446
selection,final_18,eos,99,99,0.9999575000820737,0.9997983755487384,0.07827627694795275,0.004059137310832739,0.2092736810445787,0.07827627694795275,0.4042112068696383
selection,final_18,other,13172,100,0.9969764082307081,0.9819138548134001,0.34937584136303845,0.18981346487998962,0.973257976770401,0.3613052511105307,-0.04898726631148779
selection,final_18,active,3416,100,0.9909073586468814,0.9603743503631945,0.6509330985787282,0.802489697933197,0.9986306130886078,0.6328381315979036,-0.008512532172225902
selection,final_19,all,13368,100,0.9969649141568541,0.9821021826870914,0.3504064195920174,0.18710683286190033,0.9725382864475252,0.36735858275110284,-0.043926070246309824
selection,final_19,answer,97,97,0.9999498810964761,0.9987297918378693,0.09443966371472093,1.0016151463787537e-05,0.22286956310272388,0.09443966371472093,-0.34265489044597486
selection,final_19,eos,99,99,0.9999537004364861,0.9997910429732968,0.07543458516567333,0.003879677737131715,0.20927267968654645,0.07543458516567333,0.3489990741451201
selection,final_19,other,13172,100,0.9969204689978177,0.9818467867520807,0.3543580584417217,0.1961210072040558,0.974038553237915,0.36634429345368646,-0.04396771867162995
selection,final_19,active,3416,100,0.9908326343399858,0.9602925163209526,0.6568023785319899,0.8150815963745117,0.9986005127429962,0.6392638237593958,-0.0041723304147914565
selection,final_20,all,13368,100,0.9968866724866475,0.9820161070310991,0.3576393739851223,0.19389529526233673,0.9744309544563295,0.37345711194062725,-0.03743716152220699
selection,final_20,answer,97,97,0.999875369760179,0.9985770939551678,0.09139872167772291,1.0016151463787537e-05,0.10105188190937044,0.09139872167772291,-0.2867634645074682
selection,final_20,eos,99,99,0.999946056592344,0.9997914030094339,0.07501898619527524,0.0034869033843278885,0.18875602781772619,0.07501898619527524,0.33587228225860344
selection,final_20,other,13172,100,0.9968416692478078,0.9817605520634791,0.36172415698428817,0.203506737947464,0.9753314971923828,0.37468816397639526,-0.0376158234890702
selection,final_20,active,3416,100,0.9907203695237358,0.9601811847940689,0.6669550352268968,0.8218725919723511,0.9987542927265167,0.6505354063136317,0.0013933998268384302
selection,final_21,all,13368,100,0.9966811983339502,0.9817906145387084,0.3673062368551009,0.20618417859077454,0.976675570011139,0.3809570056934085,-0.03563266634576595
selection,final_21,answer,97,97,0.9996463687149519,0.9983015674905679,0.09072075881346343,1.0016151463787537e-05,0.07426463142037418,0.09072075881346343,-0.2873068403940007
selection,final_21,eos,99,99,0.9999161573371502,0.9997668639578,0.07245764535828371,0.0042103915475308895,0.1872016161680222,0.07245764535828371,0.21503333398186292
selection,final_21,other,13172,100,0.9966350487387274,0.9815339176719593,0.3715591067251452,0.21726951003074646,0.9776867032051086,0.3821824380991387,-0.035610721745023596
selection,final_21,active,3416,100,0.9904639316762011,0.9599134204249428,0.6793329191775758,0.8387511968612671,0.9989655613899231,0.6605699829330299,-0.0009474979801193595
selection,final_22,all,13368,100,0.996297364911808,0.9813782995675269,0.37511057064891706,0.21552608907222748,0.9797953605651856,0.39070622860898324,-0.03226529562842081
selection,final_22,answer,97,97,0.9984993781011129,0.9969073841252278,0.0913571924967224,1.0016151463787537e-05,0.07426463142037418,0.0913571924967224,-0.30294874047753023
selection,final_22,eos,99,99,0.9998731017112732,0.9997293834734444,0.0717858077171317,0.0042103915475308895,0.2083394765853883,0.0717858077171317,0.13788833591821134
selection,final_22,other,13172,100,0.996254274020333,0.9811260160487915,0.3794799321134638,0.22806333005428314,0.9802950918674469,0.3946789728423256,-0.03210296233654169
selection,final_22,active,3416,100,0.9900960877267273,0.9595393422201485,0.686857607467238,0.8516966104507446,0.9990493953227997,0.6733840849414874,-0.00048063255230249946
selection,final_23,all,13368,100,0.9869330027590036,0.972015777896373,0.40035466144243353,0.25874602794647217,0.9856611132621766,0.4106884727756587,-0.01809284105366322
selection,final_23,answer,97,97,0.9964392719809542,0.9946440157202101,0.09223565088809817,1.0016151463787537e-05,0.10368391871452333,0.09223565088809817,-0.30801737404452567
selection,final_23,eos,99,99,0.9997927233426258,0.9996583804939733,0.07330897959129823,0.0042103915475308895,0.20374253094196326,0.07330897959129823,0.0877702172135238
selection,final_23,other,13172,100,0.9867663446621081,0.9716413809387299,0.40508173907126993,0.27275776863098145,0.9859799683094025,0.4158275655596401,-0.017878603022169027
selection,final_23,active,3416,100,0.9855270402580151,0.9550851252403294,0.7018730816462455,0.8728448152542114,0.9991655647754669,0.6879757613861411,0.012174198841921391
selection,final_24,all,13368,100,0.9786548430214618,0.9640982602510455,0.4156204111049467,0.2883952260017395,0.9883782923221588,0.4249764119049353,-0.02285534599392987
selection,final_24,answer,97,97,0.9635129355892693,0.9617474152869785,0.09152917016720402,1.0016151463787537e-05,0.08612473607063309,0.09152917016720402,-0.21054374162304995
selection,final_24,eos,99,99,0.99961486850122,0.9995396968090173,0.0741129547924419,0.0042103915475308895,0.21537934243679058,0.0741129547924419,-0.018729343360332076
selection,final_24,other,13172,100,0.9786088152730884,0.9638491963080054,0.4205738037974685,0.3035264015197754,0.9886895060539245,0.43085031806047025,-0.022716763544098663
selection,final_24,active,3416,100,0.9786006346414743,0.948905862607738,0.7122552232057642,0.888029158115387,0.9993782639503479,0.6989921707753507,0.00037512467363562087
selection,final_25,all,13368,100,0.961620034840998,0.9486696120913217,0.43827555234704735,0.3483095169067383,0.9915038228034974,0.4453013706424732,-0.018545469479236115
selection,final_25,answer,97,97,0.9688877795160431,0.9673569976668996,0.10013643067470908,1.0016151463787537e-05,0.3539139509201086,0.10013643067470908,-0.2929588246620576
selection,final_25,eos,99,99,0.9995591357500866,0.999471598803395,0.08290381006884849,0.0034266093280166388,0.20927347838878643,0.08290381006884849,0.1513682059575352
selection,final_25,other,13172,100,0.9612813662847058,0.9481501713772823,0.4434365982996558,0.36282241344451904,0.9920537173748016,0.4493047738451835,-0.018494841394445623
selection,final_25,active,3416,100,0.9653622677693672,0.9383653223725031,0.7296665858289291,0.9030860066413879,0.9995851516723633,0.7232066871610742,0.0012752562579583697
selection,final_26,all,13368,100,0.9367077464441866,0.926456069114543,0.45984882757041107,0.4092884063720703,0.9951927423477173,0.4629273923334135,-0.012729654331287192
selection,final_26,answer,97,97,0.973948914980151,0.9725787000557811,0.10143968088598179,1.0016151463787537e-05,0.3539139509201086,0.10143968088598179,-0.2242668047108922
selection,final_26,eos,99,99,0.9993806655960854,0.9993599370272472,0.08332141629074614,0.003954655025154352,0.2092718690633775,0.08332141629074614,0.11534285145198005
selection,final_26,other,13172,100,0.9359624524611905,0.9255684758770196,0.46531814892973966,0.43133753538131714,0.9953583240509033,0.46695754284806135,-0.012661522374218335
selection,final_26,active,3416,100,0.9477071181175232,0.9241833607655289,0.7406928835292961,0.919646143913269,0.9996083974838257,0.7367342250106741,0.004346343829519727
selection,final_27,all,13368,100,0.8946395455932905,0.8882344045863628,0.48828019420417157,0.5009456872940063,0.9972152352333069,0.4856621691731117,-0.005605793096871221
selection,final_27,answer,97,97,0.9174574005235102,0.9160572096859056,0.09106781833465767,1.0391510841145646e-05,0.07426463142037418,0.09106781833465767,-0.06355903426707962
selection,final_27,eos,99,99,0.9990652877875049,0.9991528921657138,0.08367051527776746,0.0039024308789521456,0.20927308499813094,0.08367051527776746,0.14284867458720957
selection,final_27,other,13172,100,0.8936866545816402,0.8871958574891102,0.4942463313642882,0.5227208733558655,0.9973601937294007,0.49264888126827056,-0.005730918771316698
selection,final_27,active,3416,100,0.9131387484246817,0.8947388115562542,0.7588916200611439,0.9403077363967896,0.999768853187561,0.7453685336588315,0.009083235577190214
selection,final_28,all,13368,100,0.8385450259275992,0.8409135232601489,0.5237607318978706,0.6348358988761902,0.9985163509845734,0.5255561258020043,0.004605136633222486
selection,final_28,answer,97,97,0.7652006757628057,0.7642148289176607,0.08236651356135206,1.0016151463787537e-05,0.11377658843994157,0.08236651356135206,0.1645146910089045
selection,final_28,eos,99,99,0.9968744275545833,0.9974492866583545,0.11430285159048485,0.004210316110402346,0.5152783155441286,0.11430285159048485,-0.2500375276352681
selection,final_28,other,13172,100,0.8378951467296728,0.8403018266897572,0.5300886676197863,0.6514794826507568,0.9986110925674438,0.5396996462065448,0.004654308951206441
selection,final_28,active,3416,100,0.8713440308936237,0.8685558769831203,0.7780698573548614,0.9506646990776062,0.9998332560062408,0.7657053800016682,0.016488864221893773
selection,final_29,all,13368,100,0.7683529003579456,0.7822055189903049,0.5671230300456822,0.768183708190918,0.9995335400104522,0.5648510568949373,-0.008309942721355844
selection,final_29,answer,97,97,0.5517278602298772,0.5516312589926511,0.07447843858702932,1.5995366993593052e-05,0.05883683934807782,0.07447843858702932,0.123251463067732
selection,final_29,eos,99,99,0.9940639222511137,0.9944994798814407,0.17689357606523268,0.004210368730127811,0.7519194126129153,0.17689357606523268,-0.31307028715509944
selection,final_29,other,13172,100,0.7682517188915774,0.7823079029176925,0.5736838591768356,0.7801544070243835,0.9995616555213929,0.5791842472253158,-0.008215915469764808
selection,final_29,active,3416,100,0.814685942239261,0.8295749999971,0.8043434900103229,0.9652144908905029,0.9999338388442993,0.7912398687713746,-0.0055452672534092055
selection,final_30,all,13368,100,0.6797749781134961,0.7062916702330956,0.6018529919373782,0.8437715768814087,0.9997409999370575,0.5968428109991656,-0.015181478509090063
selection,final_30,answer,97,97,0.29528087977387163,0.29834500242975187,0.09515351390984639,3.04068234981969e-05,0.15263589173555445,0.09515351390984639,0.03588471471948428
selection,final_30,eos,99,99,0.9709291361799144,0.971386887810447,0.22893422089092702,0.007170404307544231,0.9436300277709961,0.22893422089092702,-0.3534612948025046
selection,final_30,other,13172,100,0.6804181352567066,0.7073033920852643,0.608387216633876,0.8518822193145752,0.9997505128383637,0.6134317963617167,-0.014936394422704318
selection,final_30,active,3416,100,0.7545514896193594,0.7894962184393965,0.8277360785430117,0.974036693572998,0.9999535977840424,0.8168864390127409,-0.014721720293722736
selection,final_31,all,13368,100,0.351688305035363,0.43561768041862453,0.6369024028790375,0.8887813091278076,0.999655795097351,0.6316560665952082,-0.008009110468405318
selection,final_31,answer,97,97,0.03932045896222335,0.05633695022258985,0.6754136790481092,0.951130747795105,0.9999819040298462,0.6754136790481092,0.2292596328475237
selection,final_31,eos,99,99,0.7294966716959019,0.7737810048792098,0.08379730953735111,0.004092561546713114,0.20927424132823957,0.08379730953735111,0.35078598150892065
selection,final_31,other,13172,100,0.3511490287500382,0.43586912755705587,0.640775908075851,0.8922049403190613,0.9996501505374908,0.6429424115186109,-0.009030661437157191
selection,final_31,active,3416,100,0.5186886439803035,0.6387945123270931,0.8322385541545481,0.9743598699569702,0.9999136626720428,0.8193225637791539,-0.015013793648717274
selection,final_32,all,13368,100,0.06503932862405289,0.24514282584872962,0.27424243351709854,0.12303201854228973,0.8606760263442996,0.3017798878793934,0.043728022746112226
selection,final_32,answer,97,97,0.012288133340138514,0.03470491404627457,0.08526470390133788,7.776273378112819e-06,0.2314994305372256,0.08526470390133788,-0.08003749958245773
selection,final_32,eos,99,99,0.027306322701708907,0.04452690919673603,0.07588288040504708,0.006452568806707859,0.20587794482707988,0.07588288040504708,-0.0672011726371937
selection,final_32,other,13172,100,0.06571139311910691,0.24820033064628394,0.277124944565597,0.12756852805614471,0.8634726166725158,0.2998000974181144,0.04413512554505785
selection,final_32,active,3416,100,0.20670881192363466,0.45759005639734796,0.558092337927238,0.5520219802856445,0.9427647590637207,0.543858487387871,0.04583014950354507
selection,own_0,all,13368,100,0.9969461844703227,0.9828768657767822,0.7053967346558125,0.9875574111938477,0.9999999403953552,0.7189340303321266,0.006906485225045122
selection,own_0,answer,97,97,0.9999975383896189,0.998951665519439,0.9991102765515908,1.0,1.0,0.9991102765515908,0.04863387723491483
selection,own_0,eos,99,99,0.9999995508579292,0.999893585840861,0.965176462995434,0.9999998807907104,1.0,0.965176462995434,0.5656930361162871
selection,own_0,other,13172,100,0.9969007650501477,0.9826305925562098,0.7012813074868546,0.9855409860610962,0.9999999403953552,0.7182467917038664,0.00563768612027729
selection,own_0,active,3416,100,0.991202141583594,0.9618786951637144,0.8525965044500389,0.9959594011306763,0.9999995827674866,0.8569493461244815,0.014431043618288106
selection,own_1,all,13368,100,0.9970518355572708,0.9823851314761923,0.3548368345368589,0.1888803243637085,0.9756028175354005,0.3722925954372005,-0.04451921004312292
selection,own_1,answer,97,97,0.9999485439860943,0.9987222343376002,0.09960040710937629,1.0016151463787537e-05,0.3539139509201086,0.09960040710937629,-0.3195846122870634
selection,own_1,eos,99,99,0.9999900652904703,0.9998713009285204,0.08262316634079009,0.004070285242050886,0.20927369296550763,0.08262316634079009,0.4060422894207376
selection,own_1,other,13172,100,0.9970084203233518,0.9821333982729326,0.3587623649507577,0.1978231966495514,0.9766188025474548,0.3735345960475404,-0.04495926136450903
selection,own_1,active,3416,100,0.990917478315096,0.9605719229692824,0.6624761213586393,0.823257327079773,0.9988909363746643,0.6458051468567212,-0.00858733177594482
selection,own_2,all,13368,100,0.99691545040102,0.982023381238582,0.3609783099128722,0.19681906700134277,0.9772331118583679,0.3793906769922962,-0.03905997937517665
selection,own_2,answer,97,97,0.9999380050246248,0.9986877072717726,0.08594368265859297,1.0016151463787537e-05,0.10640105009078986,0.08594368265859297,-0.23735374520897956
selection,own_2,eos,99,99,0.9999180809415952,0.9997269053651829,0.08292208930135422,0.004087897948920727,0.2092729896306993,0.08292208930135422,0.24847273168694636
selection,own_2,other,13172,100,0.9968706243896318,0.9817676047039818,0.36509354865294247,0.2058446705341339,0.9786541402339934,0.381934981453799,-0.03941871107866804
selection,own_2,active,3416,100,0.9907270168200728,0.9601624519294303,0.6708526717544661,0.8324819803237915,0.9989754557609558,0.6570278232067837,-0.0024214067318593705
selection,own_3,all,13368,100,0.99679978534285,0.981898885675361,0.3719436466377145,0.2073223888874054,0.9800809919834137,0.3887963605064034,-0.03495027662511691
selection,own_3,answer,97,97,0.9999095361257336,0.9986541922559443,0.08022703220946938,1.0016151463787537e-05,0.11146963834762587,0.08022703220946938,-0.14586657477676926
selection,own_3,eos,99,99,0.999930845968651,0.9997240088202737,0.07927524487396363,0.004093369469046593,0.2092632740736009,0.07927524487396363,0.29378640647675863
selection,own_3,other,13172,100,0.9967533519365416,0.9816415252191156,0.37629155761358374,0.2211953103542328,0.9810484647750854,0.3909922186578797,-0.035384063682780624
selection,own_3,active,3416,100,0.9905600320434402,0.9599129073782573,0.6829250869109441,0.8496180772781372,0.9990828931331635,0.6681110704584344,-0.00400460008390756
selection,own_4,all,13368,100,0.9966705911182523,0.9816526173247372,0.36891082360742145,0.20472107827663422,0.978284227848053,0.3879829394880933,-0.039753862243071696
selection,own_4,answer,97,97,0.9996202569646934,0.9980801638868666,0.08097203611803475,1.0016151463787537e-05,0.054275377839803705,0.08097203611803475,-0.12221296495917233
selection,own_4,eos,99,99,0.9999389154742463,0.9997544884681702,0.08348525702425466,0.004092887509614229,0.20927347838878643,0.08348525702425466,0.37784720179170345
selection,own_4,other,13172,100,0.9966243049279738,0.981395590505748,0.37317647753075905,0.21548715233802795,0.9791828155517578,0.39322033841704296,-0.04037587811188937
selection,own_4,active,3416,100,0.9903808598269205,0.9596313256154216,0.6801514141563308,0.8412588834762573,0.998973935842514,0.6676237265416841,-0.007384620602814534
selection,own_5,all,13368,100,0.9966857566624737,0.9817017672259784,0.3723155713022611,0.20867320895195007,0.9798240780830383,0.3883601928431187,-0.03466376902876829
selection,own_5,answer,97,97,0.9999384345467558,0.9986539698138679,0.0811311824590403,1.0016151463787537e-05,0.054275377839803705,0.0811311824590403,-0.044770663338999955
selection,own_5,eos,99,99,0.9999644985102644,0.999820574365481,0.07475562781508363,0.003960202448070049,0.18989637494087222,0.07475562781508363,0.2875656373550245
selection,own_5,other,13172,100,0.9966371607622531,0.9814407494945908,0.37669632746100873,0.22126919031143188,0.980257797241211,0.3913239694363561,-0.03513990941369676
selection,own_5,active,3416,100,0.9904744929003702,0.9598007480487385,0.6804152186154593,0.8473863005638123,0.9989722371101379,0.663641040361809,-0.0005733542380969869
selection,own_6,all,13368,100,0.9965631839463109,0.9815425990208736,0.3735153399628145,0.20822249352931976,0.9796493053436279,0.39143451504903054,-0.037090499908056185
selection,own_6,answer,97,97,0.9998895943779307,0.9984981423800754,0.08262760303697686,1.0016151463787537e-05,0.07426463142037418,0.08262760303697686,-0.24704575635643766
selection,own_6,eos,99,99,0.9999350718777589,0.999779325543028,0.08125943495599298,0.004087409935891628,0.20925363004207623,0.08125943495599298,0.3648259074063806
selection,own_6,other,13172,100,0.9965133449911727,0.9812806704123452,0.3778540466950861,0.22113846242427826,0.9803038895130157,0.39402421133612264,-0.03742244515177171
selection,own_6,active,3416,100,0.9903889968947658,0.9596568881212331,0.6795787509691047,0.8427935242652893,0.9991334974765778,0.6675188190177721,-0.005694928191478422
selection,own_7,all,13368,100,0.9964607049745047,0.9814348919312946,0.38004563979117595,0.22124913334846497,0.9805152535438537,0.3997871603012193,-0.03260226470381297
selection,own_7,answer,97,97,0.9999207356541427,0.9985521945756736,0.09311961048670701,1.0016151463787537e-05,0.16637692451477143,0.09311961048670701,-0.23729353271471706
selection,own_7,eos,99,99,0.9998947719130853,0.9997630173509772,0.08197968827812302,0.004041899926960468,0.20918622910976423,0.08197968827812302,0.23676089459809815
selection,own_7,other,13172,100,0.9964094146918715,0.9811710851614,0.38439884006769626,0.23055805265903473,0.9811285018920898,0.40460797865894205,-0.032683258735911394
selection,own_7,active,3416,100,0.9903348590960547,0.9595965443419476,0.6883337554584321,0.8544155359268188,0.9990487396717072,0.6826639345820713,-0.00031823060989358233
selection,own_8,all,13368,100,0.9964609862617895,0.9814266107748204,0.3784550345603319,0.22078099846839905,0.9809839427471162,0.3953934692285789,-0.03100849218424562
selection,own_8,answer,97,97,0.9997906187145981,0.9982469929862268,0.09099368879873165,1.0016151463787537e-05,0.07426463142037418,0.09099368879873165,-0.15369267722408197
selection,own_8,eos,99,99,0.9999389076473737,0.9997996730033798,0.07671469169657207,0.003867435734719038,0.20784077346324933,0.07671469169657207,0.2933337964352827
selection,own_8,other,13172,100,0.9964103266379589,0.9811646528158822,0.382839793479432,0.23068922758102417,0.9816816091537476,0.3983052379572418,-0.031262329646299714
selection,own_8,active,3416,100,0.9902874154128152,0.9595622320082017,0.6850995390191623,0.8481659293174744,0.9990908801555634,0.6740448592789972,0.001937335909719592
selection,own_9,all,13368,100,0.9964008747869216,0.9813563906072674,0.3790908528422818,0.21678417921066284,0.9809300780296326,0.3967978197489177,-0.030648571139468075
selection,own_9,answer,97,97,0.9996587296122128,0.9980093953535729,0.09134486699932066,1.0016151463787537e-05,0.07426463142037418,0.09134486699932066,-0.18872778601009763
selection,own_9,eos,99,99,0.9999280577958233,0.9997966813318657,0.07750834520248988,0.0036973762325942516,0.20432716310024276,0.07750834520248988,0.1932241250016462
selection,own_9,other,13172,100,0.996350373493577,0.9810951599481323,0.383476521600489,0.2283652424812317,0.9814013302326202,0.40077468086041224,-0.030725863748872862
selection,own_9,active,3416,100,0.9901490502486952,0.9594055808370658,0.690552018062293,0.8548805713653564,0.999199241399765,0.6800931402896109,0.000735230507578581
selection,own_10,all,13368,100,0.9964782106999435,0.9814745238562043,0.37734214924934967,0.21442314982414246,0.9810805439949036,0.39580181707243695,-0.03467985401849524
selection,own_10,answer,97,97,0.9998157012093928,0.9983195693222517,0.09167302061116317,1.0016151463787537e-05,0.07426463142037418,0.09167302061116317,-0.16597891655726624
selection,own_10,eos,99,99,0.9999273389276832,0.9997911356916331,0.08314188886131743,0.004052634350955486,0.2091678231954576,0.08314188886131743,0.33265420739266915
selection,own_10,other,13172,100,0.996427709616284,0.9812128085523845,0.38165703926273553,0.2270229458808899,0.9817654728889466,0.40045778492436457,-0.03503896727184464
selection,own_10,active,3416,100,0.9902869112946668,0.9596016433254098,0.689629908617264,0.8556376695632935,0.9991801083087921,0.6781644946424694,-0.00490930135262917
selection,own_11,all,13368,100,0.9963809918792821,0.9813535589836109,0.375805847568051,0.2131803035736084,0.9805116176605225,0.3929283897625126,-0.02701331910332579
selection,own_11,answer,97,97,0.9997326541192753,0.9981321987417555,0.09172447454159459,1.0016151463787537e-05,0.07426463142037418,0.09172447454159459,-0.12206376232329545
selection,own_11,eos,99,99,0.999901583700469,0.999769019960153,0.08255467560837355,0.004072067327797413,0.20927281081676496,0.08255467560837355,0.35656657357112526
selection,own_11,other,13172,100,0.9963298493172128,0.9810915897539405,0.38010191188687686,0.22516809403896332,0.9810479581356049,0.3971936376419292,-0.027562127484943987
selection,own_11,active,3416,100,0.9902391904219112,0.9595231078368823,0.6872896169812643,0.8484297394752502,0.9991150796413422,0.6716868907985807,0.005630673145906273
selection,own_12,all,13368,100,0.996407523338824,0.9813679145203339,0.37702100048627857,0.21483172476291656,0.9801763296127319,0.394466520955571,-0.03089738192106712
selection,own_12,answer,97,97,0.9997456116774648,0.9982107195657554,0.09285465674161962,1.0016151463787537e-05,0.11337563991546647,0.09285465674161962,-0.26169921377591987
selection,own_12,eos,99,99,0.9998991525534427,0.9997449246319857,0.08360887871790705,0.0040875766426324844,0.20927215516567244,0.08360887871790705,0.40397094901829955
selection,own_12,other,13172,100,0.9963566984176961,0.9811057617652125,0.3813189002280263,0.22681739926338196,0.9811852097511291,0.3982510372801245,-0.0314297685769898
selection,own_12,active,3416,100,0.9902637723737355,0.959522246219822,0.6909620687996861,0.8583340644836426,0.9991596341133118,0.6753960039859587,0.0011796024678383758
selection,own_13,all,13368,100,0.9962027306578728,0.9811366066618926,0.3807779203948748,0.22443662583827972,0.9810465931892395,0.3990242411007592,-0.02614504939654405
selection,own_13,answer,97,97,0.9998505871320508,0.9984237219869476,0.09170623529946426,1.0016151463787537e-05,0.07426463142037418,0.09170623529946426,-0.15748212683982324
selection,own_13,eos,99,99,0.999869274370598,0.9997123305243675,0.08213081302364808,0.0040838695131242275,0.2092683166265489,0.08213081302364808,0.4096940120051307
selection,own_13,other,13172,100,0.9961483099240772,0.9808696884377114,0.3851512894416411,0.23596705496311188,0.9817790567874908,0.40468354635055465,-0.026685426337714473
selection,own_13,active,3416,100,0.9900401147514303,0.9592693814954915,0.6922440822457004,0.8533498048782349,0.999218225479126,0.6796908574628862,0.007613417421564189
selection,own_14,all,13368,100,0.996230213552321,0.9811906171123815,0.38062916043104356,0.21888229250907898,0.9807248711586,0.399873562571674,-0.018793892224814614
selection,own_14,answer,97,97,0.9998949329877637,0.9985683529647356,0.09170457263873567,1.0016151463787537e-05,0.07426463142037418,0.09170457263873567,-0.16690833112441478
selection,own_14,eos,99,99,0.9998633343764026,0.9996859750362358,0.08342096542336414,0.004093972034752369,0.20927395522594464,0.08342096542336414,0.4131493277526081
selection,own_14,other,13172,100,0.9961759198424196,0.9809236355748672,0.384990631454549,0.23068183660507202,0.9813375890254974,0.4052603014900998,-0.01939171801760795
selection,own_14,active,3416,100,0.990030978572941,0.9593238350828952,0.6903076045052285,0.861019492149353,0.9991115629673004,0.679824260625154,0.01679002107090627
selection,own_15,all,13368,100,0.996082640399589,0.9810082528513467,0.3853784337051932,0.22529913485050201,0.9831594645977021,0.40294888552800784,-0.02361615826567925
selection,own_15,answer,97,97,0.9998548202907916,0.9985199423180413,0.0917052825084641,1.0016151463787537e-05,0.07426463142037418,0.0917052825084641,-0.15804341124749652
selection,own_15,eos,99,99,0.9998700745177992,0.9996823560107838,0.07315091208718369,0.004067642614245415,0.20643099248409286,0.07315091208718369,0.2914288046993606
selection,own_15,other,13172,100,0.9960263955296262,0.9807389414262744,0.3898877580527688,0.23772718012332916,0.9838114976882935,0.4093004962050983,-0.023767592110365696
selection,own_15,active,3416,100,0.9898045804020044,0.9590637985324112,0.6993023033687961,0.8670715093612671,0.9992384910583496,0.6931096852470253,0.008126174567537538
selection,own_16,all,13368,100,0.9960058438299053,0.9809863790852993,0.38769087583551914,0.23350374400615692,0.9819519281387329,0.405769015414328,-0.020125420875696052
selection,own_16,answer,97,97,0.9998878953383141,0.9986296480463952,0.0932974347611806,1.0016151463787537e-05,0.15530006885528638,0.0932974347611806,-0.290235490134593
selection,own_16,eos,99,99,0.9999389606292801,0.9997782472408179,0.0825459611421989,0.0031658420339226723,0.3552868127822877,0.0825459611421989,0.21876320627696647
selection,own_16,other,13172,100,0.9959476949110279,0.9807152135799376,0.3921522720045785,0.2454403042793274,0.9823959231376648,0.41078483130700094,-0.01999709222866271
selection,own_16,active,3416,100,0.9896905381642543,0.9590915015852842,0.6993427853749131,0.8683890104293823,0.9991045594215393,0.6931355111083648,0.011677662704829849
selection,own_17,all,13368,100,0.9957097156819364,0.9806069043400306,0.39356501959181805,0.2413773536682129,0.9822992384433746,0.4060870417036234,-0.0170517321020636
selection,own_17,answer,97,97,0.999873731554169,0.998591915233848,0.09385854283457308,1.0016151463787537e-05,0.21217482089996495,0.09385854283457308,-0.44347985802246215
selection,own_17,eos,99,99,0.9998478130860762,0.9996961710428951,0.07870486564667434,0.004089299589395523,0.2092393845319749,0.07870486564667434,0.19832934423492923
selection,own_17,other,13172,100,0.9956479497251632,0.9803309869804585,0.3981385607006869,0.25386542081832886,0.9830474495887757,0.40663853093777147,-0.01669791537880386
selection,own_17,active,3416,100,0.9895440646266211,0.958822836596148,0.6999193250771044,0.8665019869804382,0.9991999566555023,0.6903172236323712,0.014926773284077441
selection,own_18,all,13368,100,0.9945903143793665,0.979504478737664,0.40273632230869116,0.263781875371933,0.9849279880523681,0.4150232335185286,-0.014170977753045863
selection,own_18,answer,97,97,0.9992923791875544,0.9976555576029512,0.1017011515428853,1.0016151463787537e-05,0.3539139509201086,0.1017011515428853,-0.43364012516025113
selection,own_18,eos,99,99,0.9998436064431162,0.9996840249408375,0.07976727294198331,0.004094806499779224,0.20927424132823957,0.07976727294198331,0.3558737405719225
selection,own_18,other,13172,100,0.9945162044339744,0.9792191439575207,0.407380594055699,0.27781474590301514,0.9855662107467651,0.4141933639640903,-0.013982696982439355
selection,own_18,active,3416,100,0.9888070354312309,0.9583118816023034,0.7043273122690201,0.8800554275512695,0.9992857277393341,0.7033924271039244,0.015528654623827035
selection,own_19,all,13368,100,0.9873711395036373,0.9722821491674025,0.4250075535385721,0.3134406805038452,0.9898768186569213,0.43616609535973283,-0.008065783972423473
selection,own_19,answer,97,97,0.9964978823956755,0.9925010394804257,0.10048512537943653,1.0016151463787537e-05,0.3539139509201086,0.10048512537943653,-0.32165451468674644
selection,own_19,eos,99,99,0.999817101642339,0.9996510226317127,0.09465528168516185,0.00280933640897274,0.388683182001114,0.09465528168516185,0.11624115644406162
selection,own_19,other,13172,100,0.9872103860635933,0.9719275522319842,0.42988027980982346,0.3281864523887634,0.9902380883693696,0.43731924615123224,-0.0074427543990337386
selection,own_19,active,3416,100,0.9848936024172105,0.9546837782469825,0.719733032560153,0.8947252035140991,0.9994091689586639,0.7188929219252022,0.019096362266699383
selection,own_20,all,13368,100,0.987313403020084,0.972436236631725,0.4344582027286962,0.32785627245903015,0.992233717441559,0.4459664078362623,-0.0038572585125507654
selection,own_20,answer,97,97,0.9922722473586958,0.9885656323629556,0.09189406936146091,1.0016151463787537e-05,0.07843928635120415,0.09189406936146091,-0.21900083930745612
selection,own_20,eos,99,99,0.999760996813726,0.9996401920463099,0.07966391138565272,0.0033619804307818413,0.2216190904378892,0.07966391138565272,0.12706961757378582
selection,own_20,other,13172,100,0.9871833301620202,0.9721129946812259,0.4396474948467939,0.3495940566062927,0.9924262642860413,0.4521584212155895,-0.003651838337730371
selection,own_20,active,3416,100,0.9844669884711993,0.954463523995803,0.7320295477449242,0.9082781672477722,0.9995490610599518,0.7246042658083454,0.022406861910140692
selection,own_21,all,13368,100,0.9816407076193756,0.9666504508175874,0.4501406733697377,0.37871047854423523,0.9939664244651795,0.4568568544105905,-0.006634666295312991
selection,own_21,answer,97,97,0.9580417017346805,0.9549489568189248,0.09172654801128413,1.0016151463787537e-05,0.07426463142037418,0.09172654801128413,-0.20749372832129082
selection,own_21,eos,99,99,0.999051525135233,0.9992133698078117,0.09425306944053784,0.0042103915475308895,0.34732559323310863,0.09425306944053784,-0.07337345842908033
selection,own_21,other,13172,100,0.9816836344821714,0.966491880815905,0.455454903778845,0.39733588695526123,0.9941906988620758,0.46205105073170555,-0.006241963682895454
selection,own_21,active,3416,100,0.9778728748102448,0.9484766905699842,0.7452326039170385,0.9187048673629761,0.9996548295021057,0.7369082056905026,0.014809966472918072
selection,own_22,all,13368,100,0.9716213168494151,0.9570158481733614,0.4600272200009142,0.40798068046569824,0.9949898064136505,0.4663094434370643,-0.005794600911887105
selection,own_22,answer,97,97,0.8658008916476339,0.8617097120924094,0.09172933942507888,1.0016151463787537e-05,0.07426463142037418,0.09172933942507888,-0.21329284181686992
selection,own_22,eos,99,99,0.9986462689409352,0.9991041722923818,0.09290301962334463,0.004102414008229971,0.32619810700416585,0.09290301962334463,-0.1530181185425161
selection,own_22,other,13172,100,0.9721974716465236,0.9574013591900687,0.4654986890453444,0.42614075541496277,0.9951773822307587,0.472789538557685,-0.005309005184439968
selection,own_22,active,3416,100,0.9704442632055255,0.9417128697892682,0.7504622851216275,0.9241257309913635,0.9997323751449585,0.7402622633906389,0.013454627920126586
selection,own_23,all,13368,100,0.9369606519783671,0.9274009100648352,0.49225746753467325,0.5205898880958557,0.9975576400756836,0.4926796247788523,0.005612335786292454
selection,own_23,answer,97,97,0.8382803121792901,0.8356838677961802,0.09211135920803623,1.0016151463787537e-05,0.09560271501541144,0.09211135920803623,-0.2459127005378887
selection,own_23,eos,99,99,0.9982798165745206,0.9987261307359946,0.11363206690240052,0.00463553611189127,0.515907692909241,0.11363206690240052,-0.21189796427239213
selection,own_23,other,13172,100,0.9372264730887142,0.9275402477700898,0.4980499126584417,0.5370244979858398,0.9976676166057586,0.49932937081161854,0.0060780622833734544
selection,own_23,active,3416,100,0.9436796931833448,0.9207084665415194,0.7659348833097009,0.9367268085479736,0.9997966587543488,0.7549848178265747,0.02587373635472154
selection,own_24,all,13368,100,0.9168036347131172,0.9091303410662143,0.5085083182388658,0.5799206495285034,0.9983717799186707,0.5131460140956332,-0.004038627403445372
selection,own_24,answer,97,97,0.48920662309398355,0.4858374925157459,0.0949251964480626,1.0016151463787537e-05,0.302736186981204,0.0949251964480626,-0.11287786244533216
selection,own_24,eos,99,99,0.998326387670305,0.9987832157298772,0.10575370854949291,0.004661176353693008,0.5099470376968386,0.10575370854949291,-0.24317984321883943
selection,own_24,other,13172,100,0.919339783937555,0.9115736884483653,0.5145810687075081,0.6020448207855225,0.9984608232975006,0.523333233143993,-0.003686535100102001
selection,own_24,active,3416,100,0.9272458542048914,0.9081279432561371,0.7761800212500033,0.9511919021606445,0.9998840093612671,0.7686993819700334,0.010434967076011284
selection,own_25,all,13368,100,0.8872515844522056,0.8856598249966416,0.5308768142420955,0.6544983386993408,0.9989787876605988,0.5339208384149815,-0.0023662267873803956
selection,own_25,answer,97,97,0.6564340718935445,0.6566019754127129,0.10127629958279023,1.0016151463787537e-05,0.3539139509201086,0.10127629958279023,-0.22550741705286725
selection,own_25,eos,99,99,0.9983006643526482,0.9986958979356169,0.08358181571595089,0.0034276496153324842,0.20927376449108137,0.08358181571595089,0.04083008848115867
selection,own_25,other,13172,100,0.888116710462534,0.8864970585366266,0.5374022815041697,0.6762039661407471,0.9990185916423797,0.5428594762872038,-0.0021736464068702467
selection,own_25,active,3416,100,0.8952472044309858,0.889764162111047,0.7874833707507564,0.9573307037353516,0.9998979866504669,0.7829377109981269,0.010513728113453032
selection,own_26,all,13368,100,0.855155571036395,0.8580905387341626,0.55071497152752,0.715094804763794,0.9993739902973175,0.5515040942974356,-0.000406807807930591
selection,own_26,answer,97,97,0.7670369853371197,0.7691575887891435,0.10058710730988298,1.0016151463787537e-05,0.35391387939453484,0.10058710730988298,-0.1744908544210071
selection,own_26,eos,99,99,0.9983086417419742,0.9987474493306092,0.0837201910546517,0.0040388768538832664,0.2092710226774217,0.0837201910546517,0.003867147312752154
selection,own_26,other,13172,100,0.8547285553070431,0.8576882810660499,0.5575396667974809,0.7351888418197632,0.9993935048580169,0.5595803429186266,-0.00020049124910636194
selection,own_26,active,3416,100,0.867981006654167,0.870381676749516,0.7927306172270077,0.9613078236579895,0.9999041855335236,0.7871169842597031,0.010392329775012903
selection,own_27,all,13368,100,0.7992529695955385,0.8112257310234393,0.5813437298444833,0.8108300566673279,0.9996784269809723,0.5780718641386879,0.0061530605432599285
selection,own_27,answer,97,97,0.598550572876156,0.5989849143421527,0.10105072459512891,1.7211021258844994e-05,0.44215083122253684,0.10105072459512891,-0.00764034759927175
selection,own_27,eos,99,99,0.998227141120217,0.998651749557919,0.0837603508179426,0.003998245112597942,0.2092732995748521,0.0837603508179426,0.04543583999860299
selection,own_27,other,13172,100,0.7992354847413657,0.8113800115718125,0.588620466561217,0.8226510286331177,0.9997003316879273,0.5905419113173977,0.006126861235619495
selection,own_27,active,3416,100,0.8109202900251474,0.8277941309591751,0.8140767558197373,0.9724873900413513,0.9999548196792603,0.8018172551699467,0.01562671965346168
selection,own_28,all,13368,100,0.742374885560247,0.7660079988358994,0.6141596627311414,0.8777076005935669,0.9998270332813263,0.6221548692701305,0.014910529654140676
selection,own_28,answer,97,97,0.4703557530475646,0.4725911890146966,0.09653595971095959,1.5995366993593052e-05,0.28137485980987803,0.09653595971095959,0.18433654123906482
selection,own_28,eos,99,99,0.9854907712551079,0.9859650201267667,0.27408192627322275,0.009740199893712997,0.9302427768707275,0.27408192627322275,-0.44469903246376186
selection,own_28,other,13172,100,0.7425508180814996,0.7665155668168333,0.6205275032338966,0.8852599263191223,0.9998372197151184,0.6335216133582912,0.015074005777544103
selection,own_28,active,3416,100,0.7717612303092212,0.8100480631509669,0.8371545634440704,0.9801550507545471,0.9999688267707825,0.8367272645886206,0.022610258196007826
selection,own_29,all,13368,100,0.7055213171447113,0.7356095977513318,0.6259008750678964,0.8937661647796631,0.999879103899002,0.6315244284172882,-0.0029320140667508728
selection,own_29,answer,97,97,0.5105563408536741,0.517786029567846,0.09784199224605294,3.1063413189258426e-05,0.3336974740028386,0.09784199224605294,0.126561348377514
selection,own_29,eos,99,99,0.9735012981626723,0.9739483661121793,0.3211377402360121,0.01437778677791357,0.9882364988327026,0.3211377402360121,-0.4310301872719897
selection,own_29,other,13172,100,0.7049429375956264,0.7354223329506997,0.632080138807805,0.8994725942611694,0.999886667728424,0.6441547507074971,-0.0027254078321604608
selection,own_29,active,3416,100,0.7497211882988519,0.794330401504216,0.8399532461174638,0.9811063408851624,0.9999828934669495,0.8313930770911919,-0.0022964659673395398
selection,own_30,all,13368,100,0.6410577380993762,0.6790761630604297,0.6343403712369561,0.899641215801239,0.9998732388019562,0.6383961412424607,-0.011918246736283056
selection,own_30,answer,97,97,0.2807123304042274,0.2891339866886127,0.10933238170047478,3.106345684500411e-05,0.43884937763214127,0.10933238170047478,0.04122554322045675
selection,own_30,eos,99,99,0.9194459999450529,0.9199166207602529,0.33462447660281386,0.03348761796951294,0.991497278213501,0.33462447660281386,-0.41467575280585767
selection,own_30,other,13172,100,0.6416190094798581,0.6801375953255211,0.6404592331071214,0.9053080677986145,0.9998782277107239,0.6529366726552405,-0.011587423723012073
selection,own_30,active,3416,100,0.7085437000035559,0.7658130086290997,0.8489599848616748,0.9838634133338928,0.9999830722808838,0.8404989082993711,-0.012785324621018616
selection,own_31,all,13368,100,0.33595056770182785,0.42407633899431557,0.6374958641727481,0.8908008337020874,0.9996507585048675,0.6379012845709702,-0.005310455054981852
selection,own_31,answer,97,97,0.04691182320345536,0.06409715229798991,0.3769500396824146,0.042086370289325714,0.9979132652282715,0.3769500396824146,0.19381382081059362
selection,own_31,eos,99,99,0.6982088183814829,0.742497209421914,0.08379703177270831,0.004093268886208534,0.20927424132823957,0.08379703177270831,0.34810604681948454
selection,own_31,other,13172,100,0.33535636723106077,0.42433403068405223,0.6435761199716523,0.8956931233406067,0.9996659159660339,0.6525842454425995,-0.006259926262411078
selection,own_31,active,3416,100,0.5049708494603028,0.6336615630019286,0.8391981227306421,0.9768468737602234,0.9999347031116486,0.8272448090316474,-0.01244558090863762
selection,own_32,all,13368,100,0.06503932862405289,0.24514282584872962,0.27424243351709854,0.12303201854228973,0.8606760263442996,0.3017798878793934,0.043728022746112226
selection,own_32,answer,97,97,0.012288133340138514,0.03470491404627457,0.08526470390133788,7.776273378112819e-06,0.2314994305372256,0.08526470390133788,-0.08003749958245773
selection,own_32,eos,99,99,0.027306322701708907,0.04452690919673603,0.07588288040504708,0.006452568806707859,0.20587794482707988,0.07588288040504708,-0.0672011726371937
selection,own_32,other,13172,100,0.06571139311910691,0.24820033064628394,0.277124944565597,0.12756852805614471,0.8634726166725158,0.2998000974181144,0.04413512554505785
selection,own_32,active,3416,100,0.20670881192363466,0.45759005639734796,0.558092337927238,0.5520219802856445,0.9427647590637207,0.543858487387871,0.04583014950354507
selection,global_w,all,13368,100,0.06545274356347626,0.2465526271718396,0.27500773733163925,0.13334128260612488,0.8473930120468142,0.30196283979565747,0.08596557347770345
selection,global_w,answer,97,97,0.012912719556847044,0.03582409477336335,0.08812054750164343,2.2324964447761886e-05,0.283394038677218,0.08812054750164343,0.038950568365133977
selection,global_w,eos,99,99,0.02670035265500035,0.04645828063063035,0.07214045842590507,0.007336607202887535,0.17650163769722002,0.07214045842590507,0.25592704683146433
selection,global_w,other,13172,100,0.06613091461028632,0.2496083520389996,0.2779087332339455,0.13992199301719666,0.8502379477024078,0.300245113162472,0.08584815039798377
selection,global_w,active,3416,100,0.20690230614411922,0.45966522574650487,0.5599612444984942,0.5432590842247009,0.9330331683158875,0.5460527182636706,0.07929568562933298
